market,rank,ticker,company,rcept_dt,rcept_no,report_nm,category,plan_title,implementation_sections_count,embedded_results_count,implementation_tag_counts
KOSPI,1,005930,삼성전자,20260319,20260319801333,기업가치제고계획(자율공시)              ,plan,2026년 삼성전자 기업가치 제고 계획,1,0,"{""future_plan"": 1}"
KOSPI,2,000660,SK하이닉스,20251127,20251127800876,기업가치제고계획(자율공시)              (2025년 이행현황),progress,SK하이닉스 2025 기업가치 제고(Value-up) 이행 현황,1,0,"{""implementation_status"": 1}"
KOSPI,2,000660,SK하이닉스,20241127,20241127800702,기업가치제고계획(자율공시)              ,plan,2024년 SK하이닉스 기업가치 제고 계획,0,0,{}
KOSPI,3,402340,SK스퀘어,20251124,20251124800241,기업가치제고계획(자율공시)              (2025년),plan,2025년 SK스퀘어 기업가치 제고 계획,1,0,"{""implementation_status"": 1}"
KOSPI,3,402340,SK스퀘어,20241121,20241121800280,기업가치제고계획(자율공시)              ,plan,2024 SK스퀘어 기업가치 제고 계획,0,0,{}
KOSPI,3,402340,SK스퀘어,20241030,20241030800591,기업가치제고계획예고(안내공시)              ,pre_announcement,,0,0,{}
KOSPI,4,005380,현대자동차,20260529,20260529802007,기업가치제고계획(자율공시)              (2025년 이행현황),progress,2025년 현대자동차㈜ 기업가치 제고 계획 이행현황,3,0,"{""implementation_status"": 2, ""meta_reference"": 1}"
KOSPI,4,005380,현대자동차,20240828,20240828800218,기업가치제고계획(자율공시)              ,plan,2024 현대자동차 Value-up Program,1,0,"{""meta_reference"": 1}"
KOSPI,5,009150,삼성전기,20260319,20260319801372,기업가치제고계획(자율공시)              ,plan,2026년 삼성전기(주) 기업가치 제고 계획,1,0,"{""future_plan"": 1}"
KOSPI,6,373220,LG에너지솔루션,20251128,20251128800104,기업가치제고계획(자율공시)              (2025년 이행현황),progress,2025년 LG에너지솔루션 기업가치 제고 계획 이행현황,1,0,"{""implementation_status"": 1}"
KOSPI,6,373220,LG에너지솔루션,20241122,20241122800052,기업가치제고계획(자율공시)              ,plan,LG에너지솔루션 기업가치 제고 계획,1,0,"{""implementation_status"": 1}"
KOSPI,7,032830,삼성생명,20260319,20260319801509,기업가치제고계획(자율공시)              ,plan,2026년 삼성생명 기업가치 제고 계획,2,0,"{""future_plan"": 2}"
KOSPI,9,329180,HD현대중공업,20260401,20260401800278,기업가치제고계획(자율공시)              ,progress,2026 HD현대중공업 기업가치 제고 계획 이행현황,1,0,"{""meta_reference"": 1}"
KOSPI,9,329180,HD현대중공업,20241213,20241213801737,기업가치제고계획(자율공시)              ,plan,2024 HD현대중공업 기업가치 제고 계획,2,0,"{""future_plan"": 2}"
KOSPI,12,012450,한화에어로스페이스,20260324,20260324801671,기업가치제고계획(자율공시)              ,plan,2026 한화에어로스페이스(주) 기업가치 제고 계획,0,0,{}
KOSPI,12,012450,한화에어로스페이스,20250604,20250604800245,기업가치제고계획(자율공시)              ,plan,2025 한화에어로스페이스(주) 기업가치 제고 계획,1,0,"{""meta_reference"": 1}"
KOSPI,12,012450,한화에어로스페이스,20250502,20250502800335,기업가치제고계획예고(안내공시)              ,pre_announcement,,0,0,{}
KOSPI,13,000270,기아,20260430,20260430801156,기업가치제고계획(자율공시)              (이행현황),progress,2026 기아 기업가치 제고계획 이행현황,1,0,"{""future_plan"": 1}"
KOSPI,13,000270,기아,20241203,20241203800201,기업가치제고계획(자율공시)              ,plan,2024 기아 중장기 기업가치 제고 계획(밸류업 프로그램),1,0,"{""meta_reference"": 1}"
KOSPI,13,000270,기아,20240904,20240904800174,기업가치제고계획예고(안내공시)              ,pre_announcement,,0,0,{}
KOSPI,14,105560,KB금융,20260327,20260327802428,기업가치제고계획(자율공시)              (고배당기업 표시를 위한 재공시),meta_amendment,2026년 KB금융 기업가치 제고 계획(고배당기업 여부),1,0,"{""meta_reference"": 1}"
KOSPI,14,105560,KB금융,20250425,20250425800790,[기재정정]기업가치제고계획(자율공시)              (이행현황),progress,KB금융그룹 Value-up 이행 현황,0,0,{}
KOSPI,14,105560,KB금융,20250424,20250424800498,기업가치제고계획(자율공시)              ,progress,KB금융그룹 Value-up 이행 현황,0,0,{}
KOSPI,14,105560,KB금융,20241024,20241024800258,기업가치제고계획(자율공시)              ,plan,2024년 KB금융그룹의 지속가능한 Value-up 방안,6,0,"{""future_plan"": 2, ""implementation_status"": 4}"
KOSPI,14,105560,KB금융,20240527,20240527800159,기업가치제고계획예고(안내공시)              ,pre_announcement,,0,0,{}
KOSPI,15,012330,현대모비스,20250827,20250827800227,기업가치제고계획(자율공시)              (2025년 이행현황),progress,2025 현대모비스 기업가치 제고계획 이행현황,1,0,"{""implementation_status"": 1}"
KOSPI,15,012330,현대모비스,20241119,20241119800221,기업가치제고계획(자율공시)              ,plan,2024 현대모비스 기업가치 제고계획,1,0,"{""meta_reference"": 1}"
KOSPI,15,012330,현대모비스,20240904,20240904800337,기업가치제고계획예고(안내공시)              ,pre_announcement,,0,0,{}
KOSPI,17,055550,신한지주,20260423,20260423800235,기업가치제고계획(자율공시)              (2026년),plan,2026년 ㈜신한금융지주회사 기업가치 제고 계획,1,0,"{""future_plan"": 1}"
KOSPI,17,055550,신한지주,20260326,20260326803139,기업가치제고계획(자율공시)              (고배당기업 표시를 위한 재공시),meta_amendment,(고배당기업 해당) 2025년 (주)신한금융지주 기업가치 제고 계획,1,0,"{""meta_reference"": 1}"
KOSPI,17,055550,신한지주,20250425,20250425800271,기업가치제고계획(자율공시)              ,plan,2025년 (주)신한금융지주 기업가치 제고 계획,1,0,"{""implementation_status"": 1}"
KOSPI,17,055550,신한지주,20240726,20240726800197,기업가치제고계획(자율공시)              ,plan,2024년 (주)신한금융지주 기업가치 제고 계획,0,0,{}
KOSPI,18,034730,SK,20260327,20260327802307,기업가치제고계획(자율공시)              (고배당기업 표시를 위한 재공시),meta_amendment,2024 SK Inc. 기업가치 제고 계획,0,0,{}
KOSPI,18,034730,SK,20241028,20241028800593,기업가치제고계획(자율공시)              ,plan,2024 SK Inc. 기업가치 제고 계획,0,0,{}
KOSPI,19,068270,셀트리온,20260324,20260324800435,기업가치제고계획(자율공시)              ,plan,셀트리온 기업가치 제고 계획(Value-up Program),1,0,"{""future_plan"": 1}"
KOSPI,19,068270,셀트리온,20250318,20250318800047,기업가치제고계획(자율공시)              ,plan,셀트리온 기업가치 제고 계획(Value-up Program),1,0,"{""future_plan"": 1}"
KOSPI,20,267260,HD현대일렉트릭,20260325,20260325800992,기업가치제고계획(자율공시)              (2026년),progress,2026 HD현대일렉트릭 기업가치 제고 계획 이행현황,1,0,"{""meta_reference"": 1}"
KOSPI,20,267260,HD현대일렉트릭,20241217,20241217800369,기업가치제고계획(자율공시)              ,plan,HD현대일렉트릭 기업가치 제고 계획,2,0,"{""implementation_status"": 1, ""meta_reference"": 1}"
KOSPI,22,066570,LG전자,20260331,20260331802750,[기재정정]기업가치제고계획(자율공시)              (2025년 재공시),progress,2025년 LG전자 기업가치 제고 계획 이행현황,3,0,"{""implementation_status"": 3}"
KOSPI,22,066570,LG전자,20260324,20260324800488,기업가치제고계획(자율공시)              (2025년 재공시),progress,2025년 LG전자 기업가치 제고 계획 이행현황,3,0,"{""implementation_status"": 3}"
KOSPI,22,066570,LG전자,20251128,20251128800080,기업가치제고계획(자율공시)              (2025년 이행현황),progress,2025년 LG전자 기업가치 제고 계획 이행현황,3,0,"{""implementation_status"": 3}"
KOSPI,22,066570,LG전자,20241217,20241217800582,기업가치제고계획(자율공시)              (2024년 2차),plan,LG전자 기업가치 제고 계획(2024년 2차),0,0,{}
KOSPI,22,066570,LG전자,20241022,20241022800424,기업가치제고계획(자율공시)              ,plan,LG전자 기업가치 제고 계획,1,0,"{""implementation_outlook"": 1}"
KOSPI,22,066570,LG전자,20240821,20240821800072,기업가치제고계획예고(안내공시)              ,pre_announcement,,0,0,{}
KOSPI,23,006800,미래에셋증권,20250626,20250626800694,기업가치제고계획(자율공시)              (2025년 이행현황),progress,2025년 미래에셋증권(주) 기업가치 제고 계획 이행현황,4,0,"{""future_plan"": 2, ""implementation_status"": 2}"
KOSPI,23,006800,미래에셋증권,20240822,20240822800223,기업가치제고계획(자율공시)              ,plan,2024 미래에셋증권(주) 기업가치 제고 계획,1,0,"{""future_plan"": 1}"
KOSPI,26,005490,POSCO홀딩스,20260325,20260325800951,기업가치제고계획(자율공시)              (고배당기업 표시를 위한 재공시),meta_amendment,2024년 포스코홀딩스 기업가치 제고 계획,0,0,{}
KOSPI,26,005490,POSCO홀딩스,20241223,20241223800088,기업가치제고계획(자율공시)              ,plan,2024년 포스코홀딩스 기업가치 제고 계획,0,0,{}
KOSPI,26,005490,POSCO홀딩스,20240829,20240829800425,기업가치제고계획예고(안내공시)              ,pre_announcement,,0,0,{}
KOSPI,27,086790,하나금융지주,20260331,20260331801627,[기재정정]기업가치제고계획(자율공시)              (고배당기업 표시를 위한 재공시),meta_amendment,2025년 (주)하나금융지주 기업가치 제고 계획 이행 현황,0,0,{}
KOSPI,27,086790,하나금융지주,20260325,20260325800940,기업가치제고계획(자율공시)              (2025년 이행현황),progress,2025년 (주)하나금융지주 기업가치 제고 계획 이행 현황,0,0,{}
KOSPI,27,086790,하나금융지주,20250725,20250725800368,기업가치제고계획(자율공시)              (이행현황),progress,2025년 (주)하나금융지주 기업가치 제고 계획 이행 현황,0,0,{}
KOSPI,27,086790,하나금융지주,20241029,20241029800202,기업가치제고계획(자율공시)              ,plan,2024년 (주)하나금융지주 기업가치 제고 계획,1,0,"{""implementation_status"": 1}"
KOSPI,27,086790,하나금융지주,20240814,20240814802569,기업가치제고계획예고(안내공시)              ,pre_announcement,,0,0,{}
KOSPI,29,042700,한미반도체,20260320,20260320800745,기업가치제고계획(자율공시)              ,plan,2026 한미반도체(주) 기업가치 제고 계획,2,0,"{""meta_reference"": 2}"
KOSPI,29,042700,한미반도체,20251226,20251226800082,기업가치제고계획(자율공시)              ,plan,2025 한미반도체(주) 기업가치 제고 계획,1,0,"{""implementation_status"": 1}"
KOSPI,29,042700,한미반도체,20250630,20250630800054,기업가치제고계획(자율공시)              ,plan,한미반도체 기업가치 제고 계획,0,0,{}
KOSPI,29,042700,한미반도체,20250411,20250411800234,기업가치제고계획(자율공시)              ,plan,한미반도체 기업가치 제고 계획,1,0,"{""implementation_status"": 1}"
KOSPI,30,010130,고려아연,20260325,20260325801109,기업가치제고계획(자율공시)              ,progress,2025년 고려아연 기업가치제고 이행 현황,5,0,"{""implementation_status"": 5}"
KOSPI,30,010130,고려아연,20250918,20250918800408,기업가치제고계획(자율공시)              ,progress,2025년 고려아연 기업가치 제고계획 이행현황,4,0,"{""implementation_status"": 3, ""implementation_outlook"": 1}"
KOSPI,30,010130,고려아연,20241002,20241002800247,기업가치제고계획(자율공시)              ,plan,2024년 고려아연(주) 기업가치 제고 계획,1,0,"{""implementation_outlook"": 1}"
KOSPI,31,009540,HD한국조선해양,20260401,20260401800247,기업가치제고계획(자율공시)              ,progress,2026년 HD한국조선해양 기업가치 제고 계획 이행현황,3,0,"{""implementation_status"": 2, ""meta_reference"": 1}"
KOSPI,31,009540,HD한국조선해양,20241213,20241213801682,기업가치제고계획(자율공시)              ,plan,2024 HD한국조선해양 기업가치 제고 계획,1,0,"{""future_plan"": 1}"
KOSPI,33,000150,두산,20260401,20260401800077,기업가치제고계획(자율공시)              ,plan,2026년 (주)두산 기업가치 제고 계획,3,0,"{""future_plan"": 2, ""meta_reference"": 1}"
KOSPI,35,000810,삼성화재해상보험,20260320,20260320801434,기업가치제고계획(자율공시)              ,progress,삼성화재 기업가치 제고 계획(2025년 이행 현황),1,0,"{""future_plan"": 1}"
KOSPI,35,000810,삼성화재해상보험,20250131,20250131800220,기업가치제고계획(자율공시)              ,plan,2025년 삼성화재 기업가치 제고 계획,1,0,"{""future_plan"": 1}"
KOSPI,36,051910,LG화학,20260401,20260401800638,기업가치제고계획(자율공시)              (고배당기업 표시를 위한 재공시),meta_amendment,2025년 LG화학 기업가치 제고 계획 (이행현황),4,0,"{""future_plan"": 3, ""implementation_status"": 1}"
KOSPI,36,051910,LG화학,20251128,20251128800085,기업가치제고계획(자율공시)              (2025년 이행현황),progress,2025년 LG화학 기업가치 제고 계획 이행현황,4,0,"{""future_plan"": 3, ""implementation_status"": 1}"
KOSPI,36,051910,LG화학,20241122,20241122800086,기업가치제고계획(자율공시)              ,plan,2024년 LG화학 기업가치 제고 계획,1,0,"{""future_plan"": 1}"
KOSPI,37,316140,우리금융지주,20260323,20260323801851,기업가치제고계획(자율공시)              (고배당기업 표시를 위한 재공시),meta_amendment,(고배당기업 해당) 2026년 우리금융그룹 기업가치 제고계획,1,0,"{""meta_reference"": 1}"
KOSPI,37,316140,우리금융지주,20260206,20260206801698,기업가치제고계획(자율공시)              (2026년),plan,2026년 우리금융그룹 기업가치 제고계획,1,0,"{""implementation_status"": 1}"
KOSPI,37,316140,우리금융지주,20250207,20250207800740,기업가치제고계획(자율공시)              ,progress,2024년 우리금융그룹 기업가치 제고계획 이행현황,1,0,"{""implementation_status"": 1}"
KOSPI,37,316140,우리금융지주,20240725,20240725800333,기업가치제고계획(자율공시)              ,plan,2024년 우리금융그룹 기업가치 제고 계획,0,0,{}
KOSPI,37,316140,우리금융지주,20240624,20240624800049,기업가치제고계획예고(안내공시)              ,pre_announcement,,0,0,{}
KOSPI,39,267250,HD현대,20260401,20260401801225,기업가치제고계획(자율공시)              ,progress,2026 HD현대 기업가치 제고 계획(이행현황),1,0,"{""implementation_status"": 1}"
KOSPI,39,267250,HD현대,20241216,20241216801295,기업가치제고계획(자율공시)              ,plan,2024 HD현대 기업가치 제고 계획,1,0,"{""future_plan"": 1}"
KOSPI,40,017670,SK텔레콤,20241024,20241024800370,기업가치제고계획(자율공시)              ,plan,2024년 SK텔레콤 기업가치 제고 계획,1,0,"{""meta_reference"": 1}"
KOSPI,41,003670,포스코퓨처엠,20260326,20260326801096,기업가치제고계획(자율공시)              ,plan,2024년 포스코퓨처엠 기업가치 제고 계획,0,0,{}
KOSPI,41,003670,포스코퓨처엠,20241223,20241223800377,기업가치제고계획(자율공시)              ,plan,2024년 포스코퓨처엠 기업가치 제고 계획,0,0,{}
KOSPI,41,003670,포스코퓨처엠,20240829,20240829800515,기업가치제고계획예고(안내공시)              ,pre_announcement,,0,0,{}
KOSPI,42,096770,SK이노베이션,20241030,20241030800498,기업가치제고계획(자율공시)              ,plan,2024년 SK이노베이션 기업가치 제고계획,1,0,"{""implementation_outlook"": 1}"
KOSPI,43,272210,한화시스템,20260420,20260420800137,기업가치제고계획(자율공시)              (고배당기업 표시를 위한 재공시),meta_amendment,2026년 한화시스템(주) 기업가치 제고 계획,0,0,{}
KOSPI,43,272210,한화시스템,20250626,20250626800212,기업가치제고계획(자율공시)              ((2025년)),plan,2025년 한화시스템(주) 기업가치 제고 계획,1,0,"{""meta_reference"": 1}"
KOSPI,43,272210,한화시스템,20250507,20250507800396,기업가치제고계획예고(안내공시)              ,pre_announcement,,0,0,{}
KOSPI,44,011070,LG이노텍,20251128,20251128800110,기업가치제고계획(자율공시)              (2025년 이행현황),progress,2025년 LG이노텍㈜ 기업가치 제고 계획 이행 현황,1,0,"{""implementation_status"": 1}"
KOSPI,44,011070,LG이노텍,20241122,20241122800037,기업가치제고계획(자율공시)              ,plan,LG이노텍㈜ 기업가치 제고 계획,1,0,"{""implementation_status"": 1}"
KOSPI,44,011070,LG이노텍,20241107,20241107800286,기업가치제고계획예고(안내공시)              ,pre_announcement,,0,0,{}
KOSPI,45,079550,LIG디펜스앤에어로스페이스,20260331,20260331802163,기업가치제고계획(자율공시)              ,plan,2026 엘아이지디펜스앤에어로스페이스 주식회사 기업가치 제고 계획,0,0,{}
KOSPI,46,033780,케이티앤지,20260327,20260327800467,기업가치제고계획(자율공시)              (고배당기업 표시를 위한 재공시),meta_amendment,2025년 KT G 기업가치 제고계획 이행현황,3,1,"{""meta_reference"": 2, ""implementation_result"": 1}"
KOSPI,46,033780,케이티앤지,20250923,20250923800350,기업가치제고계획(자율공시)              ,progress,2025년 KT G 기업가치 제고계획 이행현황,6,0,"{""implementation_status"": 3, ""implementation_outlook"": 2, ""future_plan"": 1}"
KOSPI,46,033780,케이티앤지,20241107,20241107800360,기업가치제고계획(자율공시)              ,plan,KT G 기업가치 제고계획,1,0,"{""meta_reference"": 1}"
KOSPI,46,033780,케이티앤지,20240808,20240808800350,기업가치제고계획예고(안내공시)              ,pre_announcement,,0,0,{}
KOSPI,47,011200,HMM,20260327,20260327801384,기업가치제고계획(자율공시)              ,plan,2026년 에이치엠엠(주) 기업가치 제고 계획,4,0,"{""implementation_status"": 3, ""future_plan"": 1}"
KOSPI,47,011200,HMM,20250122,20250122800229,기업가치제고계획(자율공시)              ,plan,2025 에이치엠엠 기업가치 제고 계획,2,0,"{""future_plan"": 1, ""implementation_outlook"": 1}"
KOSPI,49,003550,LG,20260326,20260326803162,기업가치제고계획(자율공시)              (고배당기업 표시를 위한 재공시),meta_amendment,㈜LG 기업가치 제고 계획 ('25년 이행현황),1,0,"{""implementation_outlook"": 1}"
KOSPI,49,003550,LG,20251128,20251128800073,기업가치제고계획(자율공시)              (2025년 이행현황),progress,㈜LG 기업가치 제고 계획 ('25년 이행현황),1,0,"{""implementation_outlook"": 1}"
KOSPI,49,003550,LG,20241122,20241122800186,기업가치제고계획(자율공시)              ,plan,2024년 ㈜LG 기업가치 제고 계획,0,0,{}
KOSPI,49,003550,LG,20240829,20240829800595,기업가치제고계획예고(안내공시)              ,pre_announcement,,0,0,{}
KOSPI,50,138040,메리츠금융지주,20260514,20260514800847,기업가치제고계획(자율공시)              (2026년 1분기 이행현황),progress,2026년 1분기 ㈜메리츠금융지주 기업가치 제고 계획 이행현황,1,0,"{""future_plan"": 1}"
KOSPI,50,138040,메리츠금융지주,20260211,20260211800942,기업가치제고계획(자율공시)              (2025년 이행현황),progress,2025년 ㈜메리츠금융지주 기업가치 제고 계획 이행현황,1,0,"{""future_plan"": 1}"
KOSPI,50,138040,메리츠금융지주,20251114,20251114801489,기업가치제고계획(자율공시)              (중기 주주환원 정책),plan,㈜메리츠금융지주 중기 주주환원 정책 (2026년~2028년),2,0,"{""future_plan"": 2}"
KOSPI,50,138040,메리츠금융지주,20250813,20250813800624,기업가치제고계획(자율공시)              (2025년 2분기 이행현황),progress,2025년 2분기 ㈜메리츠금융지주 기업가치 제고 계획 이행현황,1,0,"{""implementation_status"": 1}"
KOSPI,50,138040,메리츠금융지주,20250508,20250508800647,기업가치제고계획(자율공시)              (2025년 계획 및 1분기 이행현황),progress,2025년 ㈜메리츠금융지주 기업가치 제고 계획 및 이행현황,1,0,"{""implementation_status"": 1}"
KOSPI,50,138040,메리츠금융지주,20250219,20250219800602,기업가치제고계획(자율공시)              (2024년 이행현황),progress,2024년 ㈜메리츠금융지주 기업가치 제고 계획 이행현황,1,0,"{""implementation_status"": 1}"
KOSPI,50,138040,메리츠금융지주,20241113,20241113800496,기업가치제고계획(자율공시)              (2024년 3분기 이행현황),progress,2024년 3분기 ㈜메리츠금융지주 기업가치 제고 계획 이행현황,1,0,"{""implementation_status"": 1}"
KOSPI,50,138040,메리츠금융지주,20240814,20240814801720,기업가치제고계획(자율공시)              (2024년 2분기 ㈜메리츠금융지주 기업가치 제고 계획 이행현황),progress,2024년 2분기 ㈜메리츠금융지주 기업가치 제고 계획 이행현황,1,0,"{""implementation_status"": 1}"
KOSPI,50,138040,메리츠금융지주,20240704,20240704800679,기업가치제고계획(자율공시)              ,plan,2024년 ㈜메리츠금융지주 기업가치 제고 계획,1,0,"{""future_plan"": 1}"
KOSPI,51,086280,현대글로비스,20260326,20260326802320,기업가치제고계획(자율공시)              ,progress,현대글로비스 기업가치 제고 계획 및 이행현황,1,0,"{""implementation_outlook"": 1}"
KOSPI,51,086280,현대글로비스,20250917,20250917800150,기업가치제고계획(자율공시)              (2025년 이행현황),progress,2025년 현대글로비스 Value-up Plan 이행 현황,1,0,"{""future_plan"": 1}"
KOSPI,51,086280,현대글로비스,20241031,20241031800081,기업가치제고계획(자율공시)              ,plan,2024 현대글로비스 Value-up Program,3,0,"{""implementation_outlook"": 2, ""implementation_status"": 1}"
KOSPI,53,006260,LS,20260327,20260327802924,기업가치제고계획(자율공시)              ,plan,2026년 (주)LS 기업가치 제고 계획,1,0,"{""meta_reference"": 1}"
KOSPI,54,024110,기업은행,20241205,20241205800245,기업가치제고계획(자율공시)              ,plan,2024 IBK기업은행 기업가치 제고 계획,1,0,"{""future_plan"": 1}"
KOSPI,54,024110,기업은행,20240930,20240930800945,기업가치제고계획예고(안내공시)              ,pre_announcement,,0,0,{}
KOSPI,55,000720,현대건설,20251217,20251217800377,기업가치제고계획(자율공시)              (2025년 이행현황),progress,2025 현대건설 기업가치 제고계획 이행현황,2,0,"{""implementation_status"": 1, ""meta_reference"": 1}"
KOSPI,55,000720,현대건설,20250328,20250328802160,기업가치제고계획(자율공시)              ,plan,2025 현대건설 기업가치 제고계획,2,0,"{""implementation_status"": 1, ""meta_reference"": 1}"
KOSPI,56,047810,한국항공우주,20260430,20260430801310,기업가치제고계획(자율공시)              ,progress,2026년 한국항공우주산업 기업가치 제고 계획(이행현황),2,0,"{""implementation_status"": 1, ""meta_reference"": 1}"
KOSPI,56,047810,한국항공우주,20250430,20250430801143,기업가치제고계획(자율공시)              ,plan,2025 한국항공우주산업 기업가치 제고 계획,1,0,"{""meta_reference"": 1}"
KOSPI,57,018260,삼성에스디에스,20260319,20260319801717,기업가치제고계획(자율공시)              ,plan,삼성SDS 기업가치 제고 계획,0,0,{}
KOSPI,58,278470,에이피알,20260331,20260331804449,기업가치제고계획(자율공시)              ,plan,2026년 주식회사 에이피알 기업가치 제고 계획,0,0,{}
KOSPI,59,071050,한국금융지주,20260429,20260429800936,기업가치제고계획(자율공시)              ,progress,2026 한국투자금융지주(주) 기업가치 제고 계획 이행현황,2,0,"{""implementation_status"": 1, ""meta_reference"": 1}"
KOSPI,59,071050,한국금융지주,20260312,20260312802071,기업가치제고계획(자율공시)              ,plan,2026 한국투자금융지주(주) 기업가치 제고 계획,0,0,{}
KOSPI,59,071050,한국금융지주,20250526,20250526800633,기업가치제고계획(자율공시)              (2025 한국투자금융지주(주) 기업가치 제고 계획),plan,2025 한국투자금융지주(주) 기업가치 제고 계획,0,0,{}
KOSPI,60,030200,케이티,20260331,20260331804340,기업가치제고계획(자율공시)              ,plan,2025년 KT 기업가치 제고 계획,1,0,"{""future_plan"": 1}"
KOSPI,60,030200,케이티,20251111,20251111800400,기업가치제고계획(자율공시)              ,plan,2025년 KT 기업가치 제고 계획,1,0,"{""future_plan"": 1}"
KOSPI,60,030200,케이티,20250509,20250509800067,기업가치제고계획(자율공시)              (이행현황),progress,2025년 상반기 KT 기업가치 제고 계획 이행현황,2,0,"{""implementation_status"": 2}"
KOSPI,60,030200,케이티,20241105,20241105800496,기업가치제고계획(자율공시)              ,plan,KT 기업가치 제고 계획,1,0,"{""future_plan"": 1}"
KOSPI,60,030200,케이티,20241028,20241028800759,기업가치제고계획예고(안내공시)              ,pre_announcement,,0,0,{}
KOSPI,61,259960,크래프톤,20260430,20260430800856,기업가치제고계획(자율공시)              (2026년),plan,2026년 ㈜크래프톤 기업가치 제고 계획,1,0,"{""implementation_status"": 1}"
KOSPI,62,047050,포스코인터내셔널,20260420,20260420800500,기업가치제고계획(자율공시)              ((이행현황)),progress,(주)포스코인터내셔널 기업가치 제고 계획 이행결과,2,0,"{""implementation_status"": 2}"
KOSPI,62,047050,포스코인터내셔널,20260326,20260326801928,기업가치제고계획(자율공시)              ,plan,포스코인터내셔널의 기업 및 주주가치 제고 계획 ('25년~'27년),1,0,"{""future_plan"": 1}"
KOSPI,62,047050,포스코인터내셔널,20241223,20241223800272,기업가치제고계획(자율공시)              ,plan,포스코인터내셔널의 기업 및 주주가치 제고 계획 (‘25년~’27년),1,0,"{""future_plan"": 1}"
KOSPI,62,047050,포스코인터내셔널,20240829,20240829800053,기업가치제고계획예고(안내공시)              ,pre_announcement,,0,0,{}
KOSPI,63,010950,S-Oil,20260316,20260316801696,기업가치제고계획(자율공시)              (2026년),plan,2026년 에쓰-오일 기업가치 제고 계획,1,0,"{""implementation_status"": 1}"
KOSPI,63,010950,S-Oil,20250317,20250317800384,기업가치제고계획(자율공시)              (2025년),plan,2025년 에쓰-오일 기업가치 제고 계획,0,0,{}
KOSPI,65,005940,NH투자증권,20260327,20260327800367,기업가치제고계획(자율공시)              ,plan,NH투자증권㈜ 기업가치 제고 계획,1,0,"{""implementation_status"": 1}"
KOSPI,65,005940,NH투자증권,20241219,20241219800020,기업가치제고계획(자율공시)              ,plan,NH투자증권㈜ 기업가치 제고 계획,1,0,"{""implementation_status"": 1}"
KOSPI,65,005940,NH투자증권,20240830,20240830800480,기업가치제고계획예고(안내공시)              ,pre_announcement,,0,0,{}
KOSPI,66,016360,삼성증권,20260320,20260320801440,기업가치제고계획(자율공시)              ,plan,2026년 삼성증권 기업가치 제고 계획,1,0,"{""future_plan"": 1}"
KOSPI,67,443060,HD현대마린솔루션,20260325,20260325800745,기업가치제고계획(자율공시)              ,plan,2026 HD현대마린솔루션 기업가치 제고 계획,1,0,"{""implementation_status"": 1}"
KOSPI,67,443060,HD현대마린솔루션,20251226,20251226800327,기업가치제고계획예고(안내공시)              ,pre_announcement,,0,0,{}
KOSPI,67,443060,HD현대마린솔루션,20241217,20241217800056,기업가치제고계획(자율공시)              ,plan,2024 HD현대마린솔루션 기업가치 제고 계획,1,0,"{""future_plan"": 1}"
KOSPI,68,323410,카카오뱅크,20260327,20260327800287,기업가치제고계획(자율공시)              (고배당기업 표시를 위한 재공시),meta_amendment,(고배당기업 해당) 2025년 (주)카카오뱅크 기업가치 제고 계획 이행 현황,1,0,"{""meta_reference"": 1}"
KOSPI,68,323410,카카오뱅크,20251105,20251105800010,기업가치제고계획(자율공시)              (이행현황),progress,2025년 (주)카카오뱅크 기업가치 제고 계획 이행 현황,0,0,{}
KOSPI,68,323410,카카오뱅크,20241126,20241126800027,기업가치제고계획(자율공시)              ,plan,2024년 (주)카카오뱅크 기업가치 제고 계획,1,0,"{""future_plan"": 1}"
KOSPI,68,323410,카카오뱅크,20240807,20240807800010,기업가치제고계획예고(안내공시)              ,pre_announcement,,0,0,{}
KOSPI,70,039490,키움증권,20260326,20260326803412,기업가치제고계획(자율공시)              ((고배당기업 표시를 위한 재공시)),meta_amendment,2024년 키움증권(주) 기업가치 제고 계획(자율공시) (고배당기업 표시를 위한 재공시),1,0,"{""implementation_status"": 1}"
KOSPI,70,039490,키움증권,20250326,20250326802345,기업가치제고계획(자율공시)              ,progress,2024년 키움증권(주) 기업가치 제고 계획 이행현황,1,0,"{""implementation_status"": 1}"
KOSPI,70,039490,키움증권,20240528,20240528800399,기업가치제고계획(자율공시)              ,plan,2024년 키움증권(주) 기업가치 제고 계획,0,0,{}
KOSPI,71,028050,삼성E&A,20260320,20260320801193,기업가치제고계획(자율공시)              ,plan,2026년 삼성E A 기업가치 제고 계획,0,0,{}
KOSPI,72,352820,하이브,20260423,20260423800633,기업가치제고계획(자율공시)              ,plan,2026년 (주)하이브 기업가치 제고 계획,1,0,"{""future_plan"": 1}"
KOSPI,73,005830,DB손해보험,20260323,20260323801337,기업가치제고계획(자율공시)              ,plan,2026년 DB손해보험 기업가치 제고 계획,1,0,"{""future_plan"": 1}"
KOSPI,73,005830,DB손해보험,20250228,20250228801117,기업가치제고계획(자율공시)              ,plan,2025년 DB손해보험 기업가치 제고 계획,1,0,"{""future_plan"": 1}"
KOSPI,74,000880,한화,20260326,20260326802505,기업가치제고계획(자율공시)              ,plan,㈜한화 기업가치제고계획 2026,1,0,"{""meta_reference"": 1}"
KOSPI,74,000880,한화,20260114,20260114800134,기업가치제고계획(자율공시)              ,plan,㈜한화 기업가치제고계획 2026,1,0,"{""meta_reference"": 1}"
KOSPI,75,003230,삼양식품,20260326,20260326802713,기업가치제고계획(자율공시)              ((2025년 이행현황)),progress,삼양식품㈜ 기업가치제고계획 이행현황(2025년),1,0,"{""meta_reference"": 1}"
KOSPI,75,003230,삼양식품,20250326,20250326802088,기업가치제고계획(자율공시)              ,plan,삼양식품(주) 기업가치 제고 계획,1,0,"{""meta_reference"": 1}"
KOSPI,76,003490,대한항공,20251219,20251219800700,기업가치제고계획(자율공시)              ,plan,2025 대한항공 기업가치 제고 계획,5,0,"{""implementation_status"": 2, ""future_plan"": 3}"
KOSPI,76,003490,대한항공,20241220,20241220800679,기업가치제고계획(자율공시)              ,plan,2024 대한항공 기업가치 제고 계획,1,0,"{""implementation_status"": 1}"
KOSPI,77,007660,이수페타시스,20260430,20260430800992,기업가치제고계획(자율공시)              ,progress,2026 (주)이수페타시스 기업가치 제고 계획 이행현황,1,0,"{""future_plan"": 1}"
KOSPI,77,007660,이수페타시스,20250430,20250430800837,기업가치제고계획(자율공시)              ,plan,2025년 ㈜이수페타시스 기업가치 제고계획,0,0,{}
KOSPI,78,062040,산일전기,20260326,20260326801885,기업가치제고계획(자율공시)              ,plan,2026년 산일전기 주식회사 기업가치 제고 계획,0,0,{}
KOSPI,79,064400,LG씨엔에스,20260324,20260324800910,기업가치제고계획(자율공시)              ,plan,2026년 ㈜엘지씨엔에스 기업가치 제고 계획,0,0,{}
KOSPI,80,267270,HD건설기계,20260427,20260427801020,기업가치제고계획(자율공시)              ,progress,2026년 HD건설기계 기업가치 제고 계획 이행현황,2,0,"{""implementation_status"": 1, ""future_plan"": 1}"
KOSPI,80,267270,HD건설기계,20241212,20241212800663,기업가치제고계획(자율공시)              ,plan,2024 HD현대건설기계 기업가치 제고계획,1,0,"{""future_plan"": 1}"
KOSPI,81,000990,DB하이텍,20260430,20260430801024,기업가치제고계획(자율공시)              ,plan,2026년 (주)DB하이텍 기업가치 제고 계획,0,0,{}
KOSPI,81,000990,DB하이텍,20250520,20250520800354,기업가치제고계획(자율공시)              ,plan,2025 DB하이텍 기업가치 제고 계획,0,0,{}
KOSPI,81,000990,DB하이텍,20240814,20240814803217,기업가치제고계획(자율공시)              ,plan,2024년 DB하이텍 기업가치 제고 계획,0,0,{}
KOSPI,81,000990,DB하이텍,20240614,20240614800424,기업가치제고계획예고(안내공시)              ,pre_announcement,,0,0,{}
KOSPI,82,180640,한진칼,20260225,20260225801339,기업가치제고계획(자율공시)              ,plan,2026년 주식회사 한진칼 기업가치 제고 계획,2,0,"{""implementation_status"": 2}"
KOSPI,82,180640,한진칼,20250211,20250211801368,기업가치제고계획(자율공시)              ,plan,2025년 주식회사 한진칼 기업가치 제고 계획,0,0,{}
KOSPI,83,161390,한국타이어앤테크놀로지,20260327,20260327800193,기업가치제고계획(자율공시)              ,plan,한국타이어앤테크놀로지 기업가치 제고 계획,0,0,{}
KOSPI,83,161390,한국타이어앤테크놀로지,20250925,20250925800517,기업가치제고계획(자율공시)              ,plan,한국타이어앤테크놀로지 기업가치 제고 계획,0,0,{}
KOSPI,85,034220,LG디스플레이,20251128,20251128800095,기업가치제고계획(자율공시)              (2025년),plan,2025 LG디스플레이(주) 기업가치 제고 계획 보고서,1,0,"{""implementation_outlook"": 1}"
KOSPI,85,034220,LG디스플레이,20241122,20241122800088,기업가치제고계획(자율공시)              ,plan,2024 LG디스플레이(주) 기업가치 제고 계획 보고서,0,0,{}
KOSPI,86,353200,대덕전자,20260327,20260327801436,기업가치제고계획(자율공시)              ,plan,2026년 대덕전자 주식회사 기업가치 제고 계획,0,0,{}
KOSPI,88,078930,GS,20260326,20260326800714,기업가치제고계획(자율공시)              ,plan,2025년 (주)GS 기업가치 제고 계획 재공시,1,0,"{""future_plan"": 1}"
KOSPI,88,078930,GS,20250814,20250814801327,기업가치제고계획(자율공시)              ,plan,2025 (주)GS 기업가치 제고 계획,1,0,"{""future_plan"": 1}"
KOSPI,89,000100,유한양행,20241031,20241031800017,기업가치제고계획(자율공시)              ,plan,2024 유한양행 기업가치 제고 계획(Value-up Program),3,0,"{""implementation_status"": 2, ""meta_reference"": 1}"
KOSPI,90,090430,아모레퍼시픽,20260330,20260330801880,[기재정정]기업가치제고계획(자율공시)              (고배당기업 표시를 위한 재공시),meta_amendment,2025년 (주)아모레퍼시픽 기업가치제고계획 이행현황,2,0,"{""implementation_status"": 2}"
KOSPI,90,090430,아모레퍼시픽,20260326,20260326801636,기업가치제고계획(자율공시)              (고배당기업 표시를 위한 재공시),meta_amendment,2025년 (주)아모레퍼시픽 기업가치제고계획 이행현황,2,0,"{""implementation_status"": 2}"
KOSPI,90,090430,아모레퍼시픽,20251106,20251106800638,기업가치제고계획(자율공시)              (2025년 이행현황),progress,2025년 (주)아모레퍼시픽 기업가치제고계획 이행현황,2,0,"{""implementation_status"": 2}"
KOSPI,90,090430,아모레퍼시픽,20241112,20241112800306,기업가치제고계획(자율공시)              ,plan,2024 (주)아모레퍼시픽 기업가치 제고계획,0,0,{}
KOSPI,90,090430,아모레퍼시픽,20241031,20241031800608,기업가치제고계획예고(안내공시)              ,pre_announcement,,0,0,{}
KOSPI,93,032640,LG유플러스,20260324,20260324801537,기업가치제고계획(자율공시)              (고배당기업 표시를 위한 재공시),meta_amendment,2025년 LG유플러스 기업가치 제고 계획 (이행현황),2,0,"{""future_plan"": 2}"
KOSPI,93,032640,LG유플러스,20251128,20251128800082,기업가치제고계획(자율공시)              ,progress,2025년 LG유플러스 기업가치 제고 계획 (이행현황),2,0,"{""future_plan"": 2}"
KOSPI,93,032640,LG유플러스,20241122,20241122800028,기업가치제고계획(자율공시)              ,plan,2024년 LG유플러스 기업가치 제고 계획,2,0,"{""future_plan"": 2}"
KOSPI,95,021240,코웨이,20260206,20260206800016,[첨부추가]기업가치제고계획(자율공시)              (2025년 이행현황),progress,코웨이 2025 기업가치 제고계획 이행평가,3,0,"{""implementation_status"": 3}"
KOSPI,95,021240,코웨이,20260120,20260120800493,기업가치제고계획예고(안내공시)              ,pre_announcement,,0,0,{}
KOSPI,95,021240,코웨이,20250213,20250213801450,기업가치제고계획(자율공시)              ,plan,코웨이 기업가치 제고 계획,0,0,{}
KOSPI,95,021240,코웨이,20250106,20250106800299,기업가치제고계획예고(안내공시)              ,pre_announcement,,0,0,{}
KOSPI,96,241560,두산밥캣,20260327,20260327802183,기업가치제고계획(자율공시)              (이행현황 및 고배당기업 표시),meta_amendment,두산밥캣 기업가치 제고 계획 이행현황 보고,1,0,"{""implementation_status"": 1}"
KOSPI,96,241560,두산밥캣,20250725,20250725800436,기업가치제고계획(자율공시)              (이행현황),progress,2025년 두산밥캣 기업가치 제고계획 이행현황 보고,1,0,"{""implementation_status"": 1}"
KOSPI,96,241560,두산밥캣,20241216,20241216800362,기업가치제고계획(자율공시)              ,plan,2024년 두산밥캣 기업가치 제고 계획,0,0,{}
KOSPI,96,241560,두산밥캣,20241028,20241028800353,기업가치제고계획예고(안내공시)              ,pre_announcement,,0,0,{}
KOSPI,102,128940,한미약품,20251204,20251204800031,기업가치제고계획(자율공시)              ,plan,2025년 한미약품(주) 기업가치 제고 계획,1,0,"{""meta_reference"": 1}"
KOSPI,102,128940,한미약품,20250305,20250305800915,[첨부추가]기업가치제고계획(자율공시)              ,plan,2025년 한미약품(주) 기업가치 제고 계획,3,0,"{""implementation_status"": 2, ""meta_reference"": 1}"
KOSPI,103,052690,한전기술,20260401,20260401801513,기업가치제고계획(자율공시)              (고배당기업 표시를 위한 재공시),meta_amendment,2025년 한국전력기술(주) 기업가치 제고 계획 이행현황,1,0,"{""implementation_status"": 1}"
KOSPI,103,052690,한전기술,20251230,20251230801018,기업가치제고계획(자율공시)              ((2025년 이행현황)),progress,2025년 한국전력기술(주) 기업가치 제고 계획 이행현황,1,0,"{""implementation_status"": 1}"
KOSPI,103,052690,한전기술,20241231,20241231800139,기업가치제고계획(자율공시)              ,plan,한국전력기술(주) 기업가치 제고 계획,0,0,{}
KOSPI,104,029780,삼성카드,20260319,20260319802054,기업가치제고계획(자율공시)              ,plan,2026년 삼성카드 기업가치 제고 계획,1,0,"{""future_plan"": 1}"
KOSPI,106,138930,BNK금융지주,20260326,20260326803541,기업가치제고계획(자율공시)              ,plan,(고배당기업 해당) BNK금융그룹 기업가치 제고계획,1,0,"{""meta_reference"": 1}"
KOSPI,106,138930,BNK금융지주,20260206,20260206801495,기업가치제고계획(자율공시)              ,progress,BNK금융지주 기업가치 제고 계획 이행현황(2025년),0,0,{}
KOSPI,106,138930,BNK금융지주,20241030,20241030800283,기업가치제고계획(자율공시)              ,plan,2024년 BNK금융그룹 기업가치 제고 계획,0,0,{}
KOSPI,106,138930,BNK금융지주,20240731,20240731800355,기업가치제고계획예고(안내공시)              ,pre_announcement,,0,0,{}
KOSPI,107,271560,오리온,20260326,20260326802997,기업가치제고계획(자율공시)              (고배당기업 표시를 위한 재공시),meta_amendment,2026년 ㈜오리온 기업가치 제고계획,0,0,{}
KOSPI,107,271560,오리온,20250630,20250630800281,기업가치제고계획(자율공시)              (2025년),plan,2025년 (주)오리온 기업가치 제고 계획,0,0,{}
KOSPI,112,001040,CJ,20260327,20260327802511,기업가치제고계획(자율공시)              ,plan,2026년 CJ(주) 기업가치 제고 계획,1,0,"{""future_plan"": 1}"
KOSPI,113,004170,신세계,20260324,20260324801329,기업가치제고계획(자율공시)              (2026년 이행현황),progress,2026 (주)신세계 기업가치 제고계획 이행현황 (고배당 기업 공시),1,0,"{""meta_reference"": 1}"
KOSPI,113,004170,신세계,20251216,20251216801425,기업가치제고계획(자율공시)              (2025년 이행현황),progress,2025 (주)신세계 기업가치 제고계획 이행현황,1,0,"{""meta_reference"": 1}"
KOSPI,113,004170,신세계,20241227,20241227800892,기업가치제고계획(자율공시)              ,plan,2024 (주)신세계 기업가치 제고 계획,1,0,"{""meta_reference"": 1}"
KOSPI,113,004170,신세계,20240912,20240912800312,기업가치제고계획예고(안내공시)              ,pre_announcement,,0,0,{}
KOSPI,117,175330,JB금융지주,20260326,20260326801072,기업가치제고계획(자율공시)              (2026년),plan,2026년 (주)JB금융지주 기업가치 제고 계획,4,0,"{""future_plan"": 1, ""implementation_status"": 1, ""meta_reference"": 2}"
KOSPI,117,175330,JB금융지주,20260205,20260205800909,기업가치제고계획(자율공시)              (2026년),plan,2026년 (주)JB금융지주 기업가치 제고 계획,3,0,"{""future_plan"": 1, ""meta_reference"": 2}"
KOSPI,117,175330,JB금융지주,20250206,20250206801134,[첨부정정]기업가치제고계획(자율공시)              ,plan,,0,0,{}
KOSPI,117,175330,JB금융지주,20250206,20250206800737,기업가치제고계획(자율공시)              ,plan,2025년 (주)JB금융지주 기업가치 제고 계획,1,0,"{""future_plan"": 1}"
KOSPI,117,175330,JB금융지주,20240924,20240924800044,기업가치제고계획(자율공시)              ,plan,2024년 (주)JB금융지주 기업가치 제고 계획,2,0,"{""future_plan"": 1, ""implementation_status"": 1}"
KOSPI,117,175330,JB금융지주,20240826,20240826800318,기업가치제고계획예고(안내공시)              ,pre_announcement,,0,0,{}
KOSPI,118,023530,롯데쇼핑,20260323,20260323801195,기업가치제고계획(자율공시)              (2026년 이행현황),progress,2026 롯데쇼핑㈜ 기업가치 제고계획 이행현황,1,0,"{""implementation_status"": 1}"
KOSPI,118,023530,롯데쇼핑,20251016,20251016800337,기업가치제고계획(자율공시)              (2025년 이행현황),progress,2025 롯데쇼핑㈜ 기업가치 제고계획 이행현황,1,0,"{""implementation_status"": 1}"
KOSPI,118,023530,롯데쇼핑,20241011,20241011800115,기업가치제고계획(자율공시)              ,plan,2024 롯데쇼핑(주) 기업가치 제고 계획,1,0,"{""meta_reference"": 1}"
KOSPI,119,002380,케이씨씨,20250703,20250703800508,기업가치제고계획(자율공시)              (2025년),plan,2025년 (주)케이씨씨 기업가치 제고 계획,2,0,"{""implementation_status"": 1, ""meta_reference"": 1}"
KOSPI,120,051900,LG생활건강,20251128,20251128800096,기업가치제고계획(자율공시)              (2025년 이행현황),progress,2025년 (주)LG생활건강 기업가치 제고 계획 이행현황,2,0,"{""implementation_status"": 1, ""future_plan"": 1}"
KOSPI,120,051900,LG생활건강,20241122,20241122800055,기업가치제고계획(자율공시)              ,plan,2024년 (주)LG생활건강 기업가치 제고 계획,1,0,"{""future_plan"": 1}"
KOSPI,121,111770,영원무역,20250811,20250811800757,기업가치제고계획(자율공시)              ,plan,영원무역 기업가치 제고 계획,0,0,{}
KOSPI,123,004800,효성,20260320,20260320801502,기업가치제고계획(자율공시)              ,plan,(주)효성 기업가치 제고 계획,0,0,{}
KOSPI,125,011780,금호석유화학,20260311,20260311802253,기업가치제고계획(자율공시)              (2025 금호석유화학 기업가치제고계획 이행 현황),progress,금호석유화학 기업가치제고계획 이행현황,1,0,"{""implementation_status"": 1}"
KOSPI,125,011780,금호석유화학,20250210,20250210801011,기업가치제고계획(자율공시)              ,plan,금호석유화학 기업가치 제고 계획,0,0,{}
KOSPI,126,251270,넷마블,20260326,20260326802747,기업가치제고계획(자율공시)              ,plan,2026년 넷마블 주식회사 기업가치 제고 계획,1,0,"{""future_plan"": 1}"
KOSPI,128,005850,에스엘,20260327,20260327801560,기업가치제고계획(자율공시)              ,plan,2026년 에스엘(주) 기업가치 제고 계획,0,0,{}
KOSPI,129,036460,한국가스공사,20260422,20260422800446,기업가치제고계획(자율공시)              ,plan,2026년 한국가스공사 기업가치 제고 계획,0,0,{}
KOSPI,130,014680,한솔케미칼,20260430,20260430800358,기업가치제고계획(자율공시)              ,progress,(주)한솔케미칼 기업가치 제고 계획 및 이행현황,3,0,"{""implementation_status"": 3}"
KOSPI,130,014680,한솔케미칼,20250429,20250429800472,기업가치제고계획(자율공시)              ,plan,한솔케미칼 기업가치 제고 계획,0,0,{}
KOSPI,131,035250,강원랜드,20260331,20260331801744,기업가치제고계획(자율공시)              (이행현황 재공시 (고배당기업에 해당)),meta_amendment,2025년 강원랜드 기업가치 제고 계획 이행현황 (고배당기업 해당),1,0,"{""meta_reference"": 1}"
KOSPI,131,035250,강원랜드,20251118,20251118800368,기업가치제고계획(자율공시)              (2025년 이행현황),progress,2025년 (주)강원랜드 기업가치 제고 계획 이행현황,2,0,"{""implementation_status"": 1, ""future_plan"": 1}"
KOSPI,131,035250,강원랜드,20241010,20241010800358,기업가치제고계획(자율공시)              ,plan,2024년 (주)강원랜드 기업가치 제고계획,1,0,"{""meta_reference"": 1}"
KOSPI,131,035250,강원랜드,20241002,20241002800616,기업가치제고계획예고(안내공시)              ,pre_announcement,,0,0,{}
KOSPI,132,017800,현대엘리베이터,20260331,20260331803408,기업가치제고계획(자율공시)              ,progress,현대엘리베이터 기업가치 제고 계획 이행현황(2025년),1,0,"{""implementation_status"": 1}"
KOSPI,132,017800,현대엘리베이터,20260326,20260326800482,기업가치제고계획(자율공시)              ,plan,2024년 현대엘리베이터 기업가치 제고 계획,1,0,"{""future_plan"": 1}"
KOSPI,132,017800,현대엘리베이터,20241212,20241212800259,기업가치제고계획(자율공시)              ,plan,2024년 현대엘리베이터 기업가치 제고 계획,1,0,"{""future_plan"": 1}"
KOSPI,132,017800,현대엘리베이터,20240911,20240911800329,기업가치제고계획예고(안내공시)              ,pre_announcement,,0,0,{}
KOSPI,136,028670,팬오션,20260327,20260327801741,기업가치제고계획(자율공시)              ,plan,2026년 팬오션 기업가치 제고 계획,0,0,{}
KOSPI,137,031210,서울보증보험,20260331,20260331803499,기업가치제고계획(자율공시)              (고배당기업 표시를 위한 재공시),meta_amendment,(고배당기업 해당) 2025년 서울보증보험 기업가치 제고 계획,1,0,"{""future_plan"": 1}"
KOSPI,137,031210,서울보증보험,20250930,20250930800335,기업가치제고계획(자율공시)              ,plan,2025년 서울보증보험 기업가치 제고 계획,2,0,"{""future_plan"": 2}"
KOSPI,142,139130,iM금융지주,20260327,20260327800488,기업가치제고계획(자율공시)              (2026년 이행현황),progress,iM금융지주 기업가치 제고 계획 이행 현황(2026년),2,0,"{""meta_reference"": 1, ""implementation_status"": 1}"
KOSPI,142,139130,iM금융지주,20251030,20251030800303,기업가치제고계획(자율공시)              (2025년 이행현황),progress,iM금융지주 기업가치 제고 계획 이행 현황(2025년),1,0,"{""implementation_status"": 1}"
KOSPI,142,139130,iM금융지주,20241028,20241028800309,기업가치제고계획(자율공시)              ,plan,2024년 (주)DGB금융지주 기업가치 제고 계획,1,0,"{""meta_reference"": 1}"
KOSPI,142,139130,iM금융지주,20240829,20240829800094,기업가치제고계획예고(안내공시)              ,pre_announcement,,0,0,{}
KOSPI,143,383220,F&F,20260430,20260430800997,기업가치제고계획(자율공시)              ((2025년 이행현황 및 2026년 기업가치제고계획)),progress,2026년 (주)에프앤에프 기업가치제고계획 및 2025년 이행현황,3,0,"{""implementation_status"": 3}"
KOSPI,143,383220,F&F,20260326,20260326802801,기업가치제고계획(자율공시)              (고배당기업 표시를 위한 재공시),meta_amendment,2025년 ㈜에프앤에프 기업가치 제고계획,0,0,{}
KOSPI,143,383220,F&F,20250429,20250429800587,기업가치제고계획(자율공시)              ,plan,2025년 (주)에프앤에프 기업가치 제고계획,0,0,{}
KOSPI,143,383220,F&F,20250221,20250221801132,기업가치제고계획예고(안내공시)              ,pre_announcement,,0,0,{}
KOSPI,146,006360,GS건설,20260325,20260325800400,기업가치제고계획(자율공시)              ,plan,2026년 GS건설 기업가치 제고 계획,2,0,"{""future_plan"": 2}"
KOSPI,148,009970,영원무역홀딩스,20250825,20250825800377,기업가치제고계획(자율공시)              ,plan,영원무역홀딩스 기업가치 제고 계획,1,0,"{""implementation_status"": 1}"
KOSPI,149,483650,달바글로벌,20260331,20260331803324,기업가치제고계획(자율공시)              ,plan,2026년 주식회사 달바글로벌 기업가치 제고 계획,0,0,{}
KOSPI,150,004990,롯데지주,20260325,20260325801231,기업가치제고계획(자율공시)              ,plan,2026년 롯데지주㈜ 기업가치 제고 계획,2,0,"{""implementation_status"": 2}"
KOSPI,150,004990,롯데지주,20241126,20241126800557,기업가치제고계획(자율공시)              ,plan,2024 롯데지주㈜ 기업가치 제고 계획,1,0,"{""meta_reference"": 1}"
KOSPI,152,012750,에스원,20260319,20260319801865,기업가치제고계획(자율공시)              ,plan,2026년 ㈜에스원 기업가치 제고 계획,2,0,"{""future_plan"": 2}"
KOSPI,154,026960,동서,20260303,20260303800136,기업가치제고계획(자율공시)              (2026년),plan,2026년 (주)동서 기업가치 제고 계획,0,0,{}
KOSPI,156,003690,코리안리,20260327,20260327801910,기업가치제고계획(자율공시)              ,plan,코리안리재보험 기업가치 제고 계획,1,0,"{""meta_reference"": 1}"
KOSPI,157,139480,이마트,20260326,20260326802047,기업가치제고계획(자율공시)              (고배당기업 표시를 위한 재공시),meta_amendment,기업가치 제고 계획(자율공시) (2025년 이행현황),2,0,"{""implementation_status"": 1, ""meta_reference"": 1}"
KOSPI,157,139480,이마트,20260211,20260211800379,기업가치제고계획(자율공시)              (2025년 이행현황),progress,2025 (주)이마트 기업가치 제고계획 이행현황,2,0,"{""implementation_status"": 1, ""meta_reference"": 1}"
KOSPI,157,139480,이마트,20250211,20250211800361,기업가치제고계획(자율공시)              ,plan,(주)이마트 기업가치 제고 계획,1,0,"{""meta_reference"": 1}"
KOSPI,160,051600,한전KPS,20260420,20260420800423,[기재정정]기업가치제고계획(자율공시)              (고배당기업 표시를 위한 재공시),meta_amendment,2026년 한전KPS(주) 기업가치 제고 계획,3,0,"{""implementation_status"": 1, ""future_plan"": 2}"
KOSPI,160,051600,한전KPS,20260319,20260319800476,기업가치제고계획(자율공시)              ,plan,2026년 한전KPS(주) 기업가치 제고 계획,3,0,"{""implementation_status"": 1, ""future_plan"": 2}"
KOSPI,160,051600,한전KPS,20250220,20250220800764,기업가치제고계획(자율공시)              ,plan,2025 한전KPS(주) 기업가치 제고 계획,0,0,{}
KOSPI,161,004370,농심,20250522,20250522800214,기업가치제고계획(자율공시)              ,plan,농심 기업가치 제고 계획,1,0,"{""future_plan"": 1}"
KOSPI,161,004370,농심,20250328,20250328801511,기업가치제고계획예고(안내공시)              ,pre_announcement,,0,0,{}
KOSPI,163,018670,SK가스,20260324,20260324801321,기업가치제고계획(자율공시)              ,plan,2026년 SK가스㈜ 기업가치 제고 계획,1,0,"{""future_plan"": 1}"
KOSPI,164,069960,현대백화점,20260506,20260506800422,기업가치제고계획(자율공시)              (2025년 이행현황),progress,2025년 (주)현대백화점 기업가치 제고 계획 이행현황,1,0,"{""implementation_status"": 1}"
KOSPI,164,069960,현대백화점,20241107,20241107800127,기업가치제고계획(자율공시)              ,plan,· 2024 (주)현대백화점 기업가치 제고 계획,1,0,"{""meta_reference"": 1}"
KOSPI,165,000240,한국앤컴퍼니,20260327,20260327800274,기업가치제고계획(자율공시)              ,plan,2026년 한국앤컴퍼니 주식회사 기업가치 제고 계획,1,0,"{""future_plan"": 1}"
KOSPI,166,120110,코오롱인더,20260331,20260331801064,기업가치제고계획(자율공시)              ,plan,2026 코오롱인더스트리 주식회사 기업가치 제고 계획,0,0,{}
KOSPI,167,008930,한미사이언스,20251204,20251204800034,기업가치제고계획(자율공시)              ,plan,2025년 한미사이언스(주) 기업가치 제고 계획,3,0,"{""implementation_status"": 3}"
KOSPI,167,008930,한미사이언스,20241108,20241108800814,기업가치제고계획(자율공시)              ,plan,2024년 한미사이언스(주) 기업가치 제고 계획,3,0,"{""implementation_status"": 3}"
KOSPI,169,007070,GS리테일,20260320,20260320801659,기업가치제고계획(자율공시)              ,plan,2026년 (주)GS리테일 기업가치 제고 계획,0,0,{}
KOSPI,171,001430,세아베스틸지주,20260325,20260325800675,기업가치제고계획(자율공시)              ,progress,2025년 (주)세아베스틸지주 기업가치 제고 계획 이행 현황,2,0,"{""implementation_status"": 2}"
KOSPI,171,001430,세아베스틸지주,20251030,20251030800730,기업가치제고계획(자율공시)              (2025년 이행현황),progress,2025년 (주)세아베스틸지주 기업가치 제고 계획 이행 현황,2,0,"{""implementation_status"": 2}"
KOSPI,171,001430,세아베스틸지주,20241119,20241119800177,기업가치제고계획(자율공시)              ,plan,2024년 (주)세아베스틸지주 기업가치 제고 계획,1,0,"{""implementation_status"": 1}"
KOSPI,171,001430,세아베스틸지주,20240913,20240913800387,기업가치제고계획예고(안내공시)              ,pre_announcement,,0,0,{}
KOSPI,172,282330,BGF리테일,20260430,20260430801364,기업가치제고계획(자율공시)              (2026년 이행현황),progress,2026년 (주)BGF리테일 기업가치 제고 계획 이행현황,3,0,"{""implementation_status"": 2, ""future_plan"": 1}"
KOSPI,172,282330,BGF리테일,20250430,20250430800562,기업가치제고계획(자율공시)              ,plan,2025 (주)비지에프리테일 기업가치 제고 계획,1,0,"{""meta_reference"": 1}"
KOSPI,173,005440,현대지에프홀딩스,20260508,20260508800416,기업가치제고계획(자율공시)              (2025년 이행현황),progress,2025년 (주)현대지에프홀딩스 기업가치 제고 계획 이행현황,3,0,"{""implementation_status"": 3}"
KOSPI,173,005440,현대지에프홀딩스,20241108,20241108800167,기업가치제고계획(자율공시)              ,plan,(주)현대지에프홀딩스 기업가치 제고 계획,1,0,"{""implementation_status"": 1}"
KOSPI,175,112610,씨에스윈드,20260326,20260326800959,기업가치제고계획(자율공시)              ,plan,씨에스윈드 2026년 기업가치 제고 계획,1,0,"{""future_plan"": 1}"
KOSPI,176,030000,제일기획,20260319,20260319801617,기업가치제고계획(자율공시)              ,plan,2026년 ㈜제일기획 기업가치 제고 계획,0,0,{}
KOSPI,178,192820,코스맥스,20260326,20260326803537,기업가치제고계획(자율공시)              (고배당기업 표시를 위한 재공시),meta_amendment,2025년 코스맥스(주) 기업가치 제고 계획,0,0,{}
KOSPI,178,192820,코스맥스,20251203,20251203800315,기업가치제고계획(자율공시)              ,plan,2025년 코스맥스(주) 기업가치 제고 계획,0,0,{}
KOSPI,179,081660,미스토홀딩스,20260423,20260423800639,[기재정정]기업가치제고계획(자율공시)              ,plan,2026년 주식회사 미스토홀딩스 기업가치 제고 계획,6,0,"{""implementation_status"": 2, ""future_plan"": 2, ""meta_reference"": 2}"
KOSPI,179,081660,미스토홀딩스,20260327,20260327802251,[첨부추가]기업가치제고계획(자율공시)              ,plan,2026년 주식회사 미스토홀딩스 기업가치 제고 계획,0,0,{}
KOSPI,186,002790,아모레퍼시픽홀딩스,20260326,20260326801690,기업가치제고계획(자율공시)              (고배당기업 표시를 위한 재공시),meta_amendment,2025년 (주)아모레퍼시픽홀딩스 기업가치제고계획 이행현황,2,0,"{""implementation_status"": 2}"
KOSPI,186,002790,아모레퍼시픽홀딩스,20251106,20251106800710,기업가치제고계획(자율공시)              (2025년 이행현황),progress,2025년 (주)아모레퍼시픽홀딩스 기업가치제고계획 이행현황,2,0,"{""implementation_status"": 2}"
KOSPI,186,002790,아모레퍼시픽홀딩스,20241112,20241112800310,기업가치제고계획(자율공시)              ,plan,2024 (주)아모레퍼시픽그룹 기업가치제고 계획,0,0,{}
KOSPI,186,002790,아모레퍼시픽홀딩스,20241031,20241031800628,기업가치제고계획예고(안내공시)              ,pre_announcement,,0,0,{}
KOSPI,187,298020,효성티앤씨,20260319,20260319801988,기업가치제고계획(자율공시)              (효성티앤씨㈜ 기업가치제고계획 이행현황(2025년) ),progress,효성티앤씨㈜ 기업가치제고계획 이행현황(2025년),4,0,"{""implementation_status"": 4}"
KOSPI,187,298020,효성티앤씨,20250331,20250331803540,기업가치제고계획(자율공시)              ,plan,효성티앤씨(주) 기업가치 제고 계획,0,0,{}
KOSPI,187,298020,효성티앤씨,20250108,20250108800064,기업가치제고계획예고(안내공시)              ,pre_announcement,,0,0,{}
KOSPI,189,001120,LX인터내셔널,20260326,20260326801443,기업가치제고계획(자율공시)              ,plan,2026년 (주)LX인터내셔널 기업가치 제고 계획,1,0,"{""future_plan"": 1}"
KOSPI,193,001740,SK네트웍스,20260414,20260414800334,기업가치제고계획(자율공시)              (고배당기업 표시를 위한 재공시),meta_amendment,2024년 SK네트웍스(주) 기업가치 제고 계획,3,0,"{""implementation_status"": 3}"
KOSPI,193,001740,SK네트웍스,20241031,20241031800462,기업가치제고계획(자율공시)              ,plan,2024년 SK네트웍스(주) 기업가치 제고 계획,3,0,"{""implementation_status"": 3}"
KOSPI,194,003540,대신증권,20260330,20260330800002,기업가치제고계획(자율공시)              (고배당기업 표시를 위한 재공시),meta_amendment,2026년 대신증권 기업가치제고 계획 및 이행현황 재공시,1,0,"{""implementation_status"": 1}"
KOSPI,194,003540,대신증권,20260212,20260212800812,기업가치제고계획(자율공시)              (2026년),progress,2026년 대신증권 기업가치제고 계획 및 이행현황,1,0,"{""implementation_status"": 1}"
KOSPI,194,003540,대신증권,20250313,20250313802190,[기재정정]기업가치제고계획(자율공시)              ,plan,2025년 대신증권(주) 기업가치 제고 계획,2,0,"{""meta_reference"": 2}"
KOSPI,194,003540,대신증권,20250311,20250311801525,기업가치제고계획(자율공시)              ,plan,2025년 대신증권(주) 기업가치 제고 계획,0,0,{}
KOSPI,195,006040,동원산업,20241127,20241127800037,기업가치제고계획(자율공시)              ,plan,2024년 동원산업 기업가치 제고 계획,1,0,"{""future_plan"": 1}"
KOSPI,197,003570,SNT다이내믹스,20260303,20260303800845,기업가치제고계획(자율공시)              ,plan,2026년 SNT다이내믹스㈜ 기업가치 제고 계획,0,0,{}
KOSPI,198,001800,오리온홀딩스,20260326,20260326803339,기업가치제고계획(자율공시)              ,plan,2026년 (주)오리온홀딩스 기업가치 제고 계획,0,0,{}
KOSPI,209,195870,해성디에스,20260326,20260326802942,기업가치제고계획(자율공시)              ,plan,2026년 해성디에스㈜ 기업가치 제고 계획,0,0,{}
KOSPI,210,007310,오뚜기,20260327,20260327800893,기업가치제고계획(자율공시)              ,plan,2026년 (주)오뚜기 기업가치 제고 계획,3,0,"{""future_plan"": 3}"
KOSPI,215,034230,파라다이스,20250328,20250328801447,[첨부추가]기업가치제고계획(자율공시)              ,plan,2025 (주)파라다이스 기업가치 제고 계획,1,0,"{""implementation_status"": 1}"
KOSPI,217,181710,NHN,20260326,20260326803246,기업가치제고계획(자율공시)              ,plan,2026년 엔에이치엔㈜ 기업가치 제고 계획,0,0,{}
KOSPI,222,000080,하이트진로,20260327,20260327801254,기업가치제고계획(자율공시)              ,plan,2026년 하이트진로 기업가치 제고 계획,1,0,"{""meta_reference"": 1}"
KOSPI,224,089860,롯데렌탈,20251105,20251105800337,기업가치제고계획(자율공시)              (이행현황),progress,2025 롯데렌탈 기업가치제고계획 이행현황,1,0,"{""implementation_status"": 1}"
KOSPI,224,089860,롯데렌탈,20240927,20240927800570,기업가치제고계획(자율공시)              ,plan,2024 롯데렌탈(주) 기업가치 제고 계획,0,0,{}
KOSPI,226,003470,유안타증권,20260327,20260327802788,기업가치제고계획(자율공시)              ,plan,2026년 유안타증권(주) 기업가치 제고 계획,1,0,"{""implementation_status"": 1}"
KOSPI,226,003470,유안타증권,20241210,20241210800776,기업가치제고계획(자율공시)              ,plan,2024년 유안타증권(주) 기업가치 제고 계획,0,0,{}
KOSPI,227,003240,태광산업,20260312,20260312801791,기업가치제고계획예고(안내공시)              ,pre_announcement,,0,0,{}
KOSPI,228,330590,롯데리츠,20251126,20251126800437,기업가치제고계획(자율공시)              (2025년 이행현황),progress,2025년 롯데리츠㈜ 기업가치 제고계획 이행현황,3,0,"{""implementation_status"": 2, ""meta_reference"": 1}"
KOSPI,228,330590,롯데리츠,20241114,20241114800367,기업가치제고계획(자율공시)              ,plan,2024 롯데리츠 기업가치 제고 계획,1,0,"{""meta_reference"": 1}"
KOSPI,229,300720,한일시멘트,20260319,20260319801550,기업가치제고계획(자율공시)              ,plan,2026년 한일시멘트 기업가치 제고 계획,0,0,{}
KOSPI,230,280360,롯데웰푸드,20260320,20260320801553,[첨부추가]기업가치제고계획(자율공시)              ,plan,2026 롯데웰푸드(주) 기업가치 제고 계획,0,0,{}
KOSPI,230,280360,롯데웰푸드,20241017,20241017800376,기업가치제고계획(자율공시)              ,plan,2024 롯데웰푸드㈜ 기업가치 제고 계획,0,0,{}
KOSPI,235,001820,삼화콘덴서공업,20260327,20260327801523,기업가치제고계획(자율공시)              ,plan,2026년 삼화콘덴서공업(주) 기업가치 제고 계획,0,0,{}
KOSPI,236,005300,롯데칠성음료,20260320,20260320801170,기업가치제고계획(자율공시)              ,plan,2026 롯데칠성음료(주) 기업가치 제고 계획,0,0,{}
KOSPI,236,005300,롯데칠성음료,20241016,20241016800045,기업가치제고계획(자율공시)              ,plan,2024 롯데칠성음료(주) 기업가치 제고 계획,0,0,{}
KOSPI,245,248070,솔루엠,20260401,20260401800646,기업가치제고계획(자율공시)              ,plan,2026년 (주)솔루엠 기업가치 제고 계획,0,0,{}
KOSPI,246,075580,세진중공업,20260331,20260331803789,기업가치제고계획(자율공시)              ,plan,2026년 (주)세진중공업 기업가치 제고 계획,0,0,{}
KOSPI,247,192400,쿠쿠홀딩스,20260325,20260325800672,기업가치제고계획(자율공시)              ,plan,2026년 기업가치 제고계획,1,0,"{""future_plan"": 1}"
KOSPI,249,003160,디아이,20260320,20260320801103,기업가치제고계획(자율공시)              ,plan,2026 (주)디아이 기업가치 제고 계획,0,0,{}
KOSPI,250,006120,SK디스커버리,20260327,20260327802234,기업가치제고계획(자율공시)              ,plan,2026년 SK디스커버리㈜ 기업가치 제고 계획,0,0,{}
KOSPI,251,499790,GS피앤엘,20260319,20260319800427,기업가치제고계획(자율공시)              ,plan,2026년 ㈜GS피앤엘 기업가치 제고 계획,0,0,{}
KOSPI,252,100840,SNT에너지,20260303,20260303800640,기업가치제고계획(자율공시)              ,plan,2026년 SNT에너지 주식회사 기업가치 제고 계획,0,0,{}
KOSPI,253,079900,전진건설로봇,20260327,20260327801623,기업가치제고계획(자율공시)              ,plan,2026 사업연도 전진건설로봇 기업가치 제고 계획,0,0,{}
KOSPI,255,036530,SNT홀딩스,20260303,20260303800985,기업가치제고계획(자율공시)              (기업가치 제고 계획(자율공시)(2026년)),plan,2026년 (주)SNT홀딩스 기업가치 제고 계획,0,0,{}
KOSPI,256,064960,SNT모티브,20260303,20260303801172,기업가치제고계획(자율공시)              ,plan,2026년 SNT모티브 주식회사 기업가치 제고 계획,0,0,{}
KOSPI,257,030190,NICE평가정보,20260429,20260429800563,기업가치제고계획(자율공시)              ,plan,2026년 NICE평가정보 기업가치 제고 계획,1,0,"{""implementation_status"": 1}"
KOSPI,257,030190,NICE평가정보,20260324,20260324800103,기업가치제고계획(자율공시)              ,plan,2025년 NICE평가정보 기업가치 제고 계획,0,0,{}
KOSPI,257,030190,NICE평가정보,20250423,20250423800164,[첨부정정]기업가치제고계획(자율공시)              ,plan,,0,0,{}
KOSPI,257,030190,NICE평가정보,20250422,20250422800185,[첨부정정]기업가치제고계획(자율공시)              ,plan,,0,0,{}
KOSPI,257,030190,NICE평가정보,20250421,20250421800144,기업가치제고계획(자율공시)              ,plan,2025년 NICE평가정보(주) 기업가치 제고 계획(Value-up Plan),0,0,{}
KOSPI,258,006650,대한유화,20260313,20260313801241,기업가치제고계획(자율공시)              ,plan,2026년 대한유화 기업가치 제고 계획,1,0,"{""future_plan"": 1}"
KOSPI,259,025540,한국단자공업,20260320,20260320800811,기업가치제고계획(자율공시)              ,plan,2026 사업년도 한국단자공업 기업가치 제고 계획,0,0,{}
KOSPI,261,071320,지역난방공사,20260102,20260102800807,기업가치제고계획(자율공시)              ,plan,2026년 한국지역난방공사 기업가치 제고 계획,0,0,{}
KOSPI,261,071320,지역난방공사,20250616,20250616800266,기업가치제고계획(자율공시)              (이행현황 보고서),progress,한국지역난방공사 기업가치 제고 계획 이행현황 보고,2,0,"{""implementation_status"": 2}"
KOSPI,261,071320,지역난방공사,20241226,20241226800699,기업가치제고계획(자율공시)              ,plan,2024년 한국지역난방공사 기업가치 제고 계획,2,0,"{""future_plan"": 2}"
KOSPI,261,071320,지역난방공사,20240823,20240823800529,기업가치제고계획예고(안내공시)              ,pre_announcement,,0,0,{}
KOSPI,262,214320,이노션,20260319,20260319801374,기업가치제고계획(자율공시)              ,plan,2026년 (주)이노션 기업가치 제고계획,0,0,{}
KOSPI,266,004490,세방전지,20260320,20260320800507,기업가치제고계획(자율공시)              ,plan,2026년 세방전지(주) 기업가치 제고 계획,0,0,{}
KOSPI,266,004490,세방전지,20251127,20251127800374,기업가치제고계획(자율공시)              ,plan,2025년 세방전지(주) 기업가치 제고 계획,0,0,{}
KOSPI,268,336370,솔루스첨단소재,20260428,20260428800271,기업가치제고계획(자율공시)              ,plan,2026년 솔루스첨단소재(주) 기업가치 제고 계획,0,0,{}
KOSPI,269,285130,SK케미칼,20260325,20260325800462,기업가치제고계획(자율공시)              ,plan,2026년 SK케미칼 기업가치 제고 계획,0,0,{}
KOSPI,270,484870,엠앤씨솔루션,20260326,20260326800627,기업가치제고계획(자율공시)              ,plan,2026년 (주)엠앤씨솔루션 기업가치 제고 계획,0,0,{}
KOSPI,273,017900,광전자,20260327,20260327801386,기업가치제고계획(자율공시)              ,plan,2026년 광전자주식회사 기업가치 제고 계획,0,0,{}
KOSPI,276,317450,명인제약,20260327,20260327801429,기업가치제고계획(자율공시)              ,plan,2026년 명인제약(주) 기업가치 제고 계획,0,0,{}
KOSPI,278,161000,애경케미칼,20241216,20241216800280,기업가치제고계획(자율공시)              ,plan,2024년 애경케미칼(주) 기업가치 제고 계획,1,0,"{""implementation_outlook"": 1}"
KOSPI,278,161000,애경케미칼,20240926,20240926800119,기업가치제고계획예고(안내공시)              ,pre_announcement,,0,0,{}
KOSPI,280,114090,GKL,20260330,20260330801553,[기재정정]기업가치제고계획(자율공시)              ,plan,2026년 그랜드코리아레저(주) 기업가치 제고계획,1,0,"{""meta_reference"": 1}"
KOSPI,280,114090,GKL,20260326,20260326800994,기업가치제고계획(자율공시)              ,plan,2026년 그랜드코리아레저(주) 기업가치 제고계획,0,0,{}
KOSPI,281,069260,티케이지휴켐스,20260326,20260326802945,기업가치제고계획(자율공시)              ,plan,2026년 티케이지휴켐스 기업가치 제고 계획,0,0,{}
KOSPI,283,003030,세아제강지주,20260225,20260225800075,기업가치제고계획예고(안내공시)              ,pre_announcement,,0,0,{}
KOSPI,285,008060,대덕,20260327,20260327802295,기업가치제고계획(자율공시)              (2026년),plan,2026 ㈜대덕 기업가치 제고 계획,1,0,"{""meta_reference"": 1}"
KOSPI,286,001060,JW중외제약,20260327,20260327802341,기업가치제고계획(자율공시)              ,plan,2026 JW중외제약(주) 기업가치 제고 계획,1,0,"{""implementation_status"": 1}"
KOSPI,286,001060,JW중외제약,20250421,20250421800168,기업가치제고계획(자율공시)              (2025년),plan,2025 JW중외제약(주) 기업가치 제고 계획,0,0,{}
KOSPI,290,014820,동원시스템즈,20260428,20260428800617,기업가치제고계획(자율공시)              ,progress,2026 동원시스템즈(주) 기업가치 제고계획 이행현황,2,0,"{""implementation_status"": 1, ""meta_reference"": 1}"
KOSPI,290,014820,동원시스템즈,20250411,20250411800770,기업가치제고계획(자율공시)              ,plan,2025 동원시스템즈(주) 기업가치 제고계획,1,0,"{""meta_reference"": 1}"
KOSPI,291,005180,빙그레,20260304,20260304800802,기업가치제고계획(자율공시)              (2026년),plan,2026년 주식회사 빙그레 기업가치 제고 계획,1,0,"{""future_plan"": 1}"
KOSPI,292,001270,부국증권,20260330,20260330800005,기업가치제고계획(자율공시)              ,plan,2026년 부국증권 주식회사 기업가치 제고 계획,0,0,{}
KOSPI,293,016380,KG스틸,20250211,20250211801127,기업가치제고계획(자율공시)              ,plan,kG스틸 기업가치 제고 계획,0,0,{}
KOSPI,294,002960,한국쉘석유,20260330,20260330800636,기업가치제고계획(자율공시)              ,plan,2026 한국쉘석유 주식회사 기업가치 제고 계획,1,0,"{""future_plan"": 1}"
KOSPI,296,001500,현대차증권,20260327,20260327802746,기업가치제고계획(자율공시)              ,plan,2026년 현대차증권 기업가치 제고 계획,1,0,"{""future_plan"": 1}"
KOSPI,296,001500,현대차증권,20250116,20250116800066,기업가치제고계획(자율공시)              ,plan,현대차증권 주주가치 제고 계획,1,0,"{""meta_reference"": 1}"
KOSPI,296,001500,현대차증권,20241224,20241224800389,기업가치제고계획예고(안내공시)              ,pre_announcement,,0,0,{}
KOSPI,297,058650,세아홀딩스,20260327,20260327801957,기업가치제고계획(자율공시)              ,progress,2025년 (주)세아홀딩스 기업가치 제고 계획 이행 현황,1,0,"{""implementation_status"": 1}"
KOSPI,297,058650,세아홀딩스,20251030,20251030800444,기업가치제고계획(자율공시)              ,progress,2025년 (주)세아홀딩스 기업가치 제고 계획 이행 현황,1,0,"{""implementation_status"": 1}"
KOSPI,297,058650,세아홀딩스,20241121,20241121800286,기업가치제고계획(자율공시)              ,plan,2024년 (주)세아홀딩스 기업가치 제고 계획,0,0,{}
KOSPI,297,058650,세아홀딩스,20240913,20240913800392,기업가치제고계획예고(안내공시)              ,pre_announcement,,0,0,{}
KOSPI,299,011930,신성이엔지,20260401,20260401801386,기업가치제고계획예고(안내공시)              ,pre_announcement,,0,0,{}
KOSPI,301,017940,E1,20260327,20260327802636,기업가치제고계획(자율공시)              ,plan,2026년 (주)E1 기업가치 제고 계획,1,0,"{""future_plan"": 1}"
KOSPI,305,460860,동국제강,20260324,20260324800416,기업가치제고계획(자율공시)              ,plan,2026년 동국제강 기업가치 제고 계획,0,0,{}
KOSPI,308,002840,미원상사,20260324,20260324801548,기업가치제고계획(자율공시)              ,plan,2026 미원상사(주)기업가치 제고 계획,0,0,{}
KOSPI,309,453340,현대그린푸드,20260506,20260506800485,기업가치제고계획(자율공시)              (2025년 이행현황),progress,(주)현대그린푸드 기업가치 제고 계획 2025년 이행현황,5,0,"{""future_plan"": 1, ""implementation_status"": 4}"
KOSPI,309,453340,현대그린푸드,20260324,20260324801371,기업가치제고계획(자율공시)              ,plan,(주)현대그린푸드 기업가치 제고 계획,1,0,"{""future_plan"": 1}"
KOSPI,309,453340,현대그린푸드,20241107,20241107800157,기업가치제고계획(자율공시)              ,plan,주식회사 현대그린푸드 기업가치 제고 계획,1,0,"{""future_plan"": 1}"
KOSPI,310,005810,풍산홀딩스,20260323,20260323800421,기업가치제고계획(자율공시)              ,plan,2026 풍산홀딩스 기업가치 제고 계획,1,0,"{""future_plan"": 1}"
KOSPI,311,039130,하나투어,20260330,20260330801364,기업가치제고계획(자율공시)              (고배당기업 표시를 위한 재공시),meta_amendment,하나투어 기업가치 제고 계획 ('25년~'27년),4,0,"{""future_plan"": 2, ""implementation_status"": 2}"
KOSPI,311,039130,하나투어,20250416,20250416800312,기업가치제고계획(자율공시)              ,plan,하나투어 기업가치 제고 계획 ('25년~'27년),4,0,"{""future_plan"": 2, ""implementation_status"": 2}"
KOSPI,312,001530,디아이동일,20250310,20250310801402,기업가치제고계획(자율공시)              ,plan,2025년 디이동일(주) 기업가치 제고 계획,2,0,"{""future_plan"": 2}"
KOSPI,315,002240,고려제강,20260327,20260327801526,기업가치제고계획(자율공시)              ,plan,고려제강(주) 기업가치 제고 계획,2,0,"{""meta_reference"": 1, ""future_plan"": 1}"
KOSPI,320,008730,율촌화학,20260325,20260325801097,기업가치제고계획(자율공시)              (2026년),plan,2026년 율촌화학 기업가치 제고 계획,0,0,{}
KOSPI,321,020000,한섬,20260507,20260507800409,기업가치제고계획(자율공시)              (2025년 이행현황),progress,2025년 ㈜한섬 기업가치 제고계획 이행현황,3,0,"{""future_plan"": 3}"
KOSPI,321,020000,한섬,20241107,20241107800158,기업가치제고계획(자율공시)              ,plan,2024년 (주)한섬 기업가치 제고계획,1,0,"{""future_plan"": 1}"
KOSPI,322,003000,부광약품,20260324,20260324801768,기업가치제고계획(자율공시)              ,plan,2026년 부광약품 주식회사 기업가치 제고 계획,1,0,"{""future_plan"": 1}"
KOSPI,324,015860,일진홀딩스,20260422,20260422800407,기업가치제고계획(자율공시)              ,plan,2026년 일진홀딩스 주식회사 기업가치 제고 계획,0,0,{}
KOSPI,325,268280,미원에스씨,20260320,20260320800143,기업가치제고계획(자율공시)              ,plan,2026년 미원스페셜티케미칼(주) 기업가치 재고 계획,0,0,{}
KOSPI,327,377740,바이오노트,20260326,20260326801053,기업가치제고계획(자율공시)              ,plan,2026년 바이오노트 기업가치 제고 계획,2,0,"{""meta_reference"": 1, ""future_plan"": 1}"
KOSPI,328,001200,유진증권,20260327,20260327801871,기업가치제고계획(자율공시)              ,plan,2026년 유진투자증권 주식회사 기업가치 제고 계획,0,0,{}
KOSPI,329,031430,신세계인터내셔날,20260324,20260324801198,기업가치제고계획(자율공시)              ,plan,2026년 (주)신세계인터내셔날 기업가치 제고 계획,1,0,"{""implementation_status"": 1}"
KOSPI,329,031430,신세계인터내셔날,20251210,20251210800649,기업가치제고계획(자율공시)              (2025년 이행현황),progress,2025년 (주)신세계인터내셔날 기업가치 제고 계획 이행현황,1,0,"{""implementation_status"": 1}"
KOSPI,329,031430,신세계인터내셔날,20241227,20241227800903,기업가치제고계획(자율공시)              ,plan,2024년 신세계인터내셔날 기업가치 제고 계획,1,0,"{""implementation_status"": 1}"
KOSPI,329,031430,신세계인터내셔날,20240912,20240912800387,기업가치제고계획예고(안내공시)              ,pre_announcement,,0,0,{}
KOSPI,330,016610,DB증권,20260326,20260326802270,기업가치제고계획(자율공시)              ,plan,2026년 DB증권(주) 기업가치 제고 계획,0,0,{}
KOSPI,330,016610,DB증권,20250829,20250829800154,기업가치제고계획(자율공시)              (2025년 이행현황),progress,DB증권 기업가치 제고 계획 이행현황,1,0,"{""implementation_status"": 1}"
KOSPI,330,016610,DB증권,20240905,20240905800302,기업가치제고계획(자율공시)              ,plan,2024 DB금융투자(주) 기업가치 제고 계획,0,0,{}
KOSPI,330,016610,DB증권,20240830,20240830800393,기업가치제고계획예고(안내공시)              ,pre_announcement,,0,0,{}
KOSPI,331,003300,한일홀딩스,20260319,20260319801664,기업가치제고계획(자율공시)              ,plan,2026년 한일홀딩스 기업가치 제고 계획,0,0,{}
KOSPI,332,130660,한전산업,20260327,20260327800819,기업가치제고계획(자율공시)              ,plan,2026년 한전산업개발(주) 기업가치 제고 계획,1,0,"{""future_plan"": 1}"
KOSPI,334,381970,케이카,20260326,20260326802241,기업가치제고계획(자율공시)              ,plan,2026년 케이카(주) 기업가치 제고 계획,0,0,{}
KOSPI,335,034310,NICE,20260331,20260331803193,기업가치제고계획(자율공시)              ,plan,2026년 (주)나이스홀딩스 기업가치 제고 계획,0,0,{}
KOSPI,343,092790,넥스틸,20260421,20260421800152,기업가치제고계획(자율공시)              ,plan,2026년 넥스틸 기업가치 제고 계획,1,0,"{""future_plan"": 1}"
KOSPI,345,015360,INVENI,20260318,20260318800778,기업가치제고계획(자율공시)              ,plan,2026년 (주)INVENI 기업가치 제고 계획,0,0,{}
KOSPI,348,105840,우진,20260420,20260420800122,기업가치제고계획(자율공시)              ,plan,2026년 (주)우진 기업가치 제고 계획,0,0,{}
KOSPI,349,306200,세아제강,20260413,20260413800696,기업가치제고계획(자율공시)              ,plan,2026년 세아제강 기업가치 제고 계획,0,0,{}
KOSPI,352,145720,덴티움,20260429,20260429800734,기업가치제고계획(자율공시)              ,plan,2026년 (주)덴티움 기업가치 제고 계획,2,0,"{""future_plan"": 1, ""implementation_status"": 1}"
KOSPI,353,016590,신대양제지,20260327,20260327802645,기업가치제고계획(자율공시)              ,plan,2026년 신대양제지㈜ 기업가치 제고 계획,0,0,{}
KOSPI,357,060980,HL홀딩스,20260327,20260327800198,기업가치제고계획(자율공시)              ,plan,2026년 HL홀딩스 기업가치 제고 계획,0,0,{}
KOSPI,357,060980,HL홀딩스,20241111,20241111800652,기업가치제고계획(자율공시)              ,plan,HL홀딩스 기업가치 제고 계획,1,0,"{""meta_reference"": 1}"
KOSPI,359,029530,신도리코,20260421,20260421800406,기업가치제고계획(자율공시)              ,plan,2026년 (주)신도리코 기업가치 제고 계획,0,0,{}
KOSPI,361,126720,수산인더스트리,20260401,20260401800529,기업가치제고계획(자율공시)              ,plan,2026년 (주)수산인더스트리 기업가치 제고 계획,0,0,{}
KOSPI,362,017810,풀무원,20250929,20250929800460,기업가치제고계획(자율공시)              ,plan,2025년 (주)풀무원 기업가치 제고 계획,1,0,"{""future_plan"": 1}"
KOSPI,362,017810,풀무원,20250324,20250324800711,기업가치제고계획예고(안내공시)              ,pre_announcement,,0,0,{}
KOSPI,363,006220,제주은행,20260325,20260325800140,기업가치제고계획(자율공시)              ,plan,2026년 제주은행 기업가치 제고 계획,1,0,"{""future_plan"": 1}"
KOSPI,365,089590,제주항공,20241213,20241213801373,기업가치제고계획(자율공시)              ,plan,2024 (주)제주항공 기업가치 제고 계획,1,0,"{""future_plan"": 1}"
KOSPI,365,089590,제주항공,20240926,20240926800261,기업가치제고계획예고(안내공시)              ,pre_announcement,,0,0,{}
KOSPI,368,097520,엠씨넥스,20260327,20260327801419,기업가치제고계획(자율공시)              ,plan,기업가치 제고 계획(자율공시),1,0,"{""future_plan"": 1}"
KOSPI,369,002810,삼영무역,20260327,20260327800866,기업가치제고계획(자율공시)              ,plan,2026년 삼영무역(주) 기업가치 제고 계획,1,0,"{""meta_reference"": 1}"
KOSPI,371,192650,드림텍,20260327,20260327801575,기업가치제고계획(자율공시)              ,progress,2025년 (주)드림텍 기업가치 제고 계획(이행현황),2,0,"{""implementation_status"": 1, ""meta_reference"": 1}"
KOSPI,371,192650,드림텍,20251120,20251120800563,기업가치제고계획(자율공시)              (2025년 이행현황),progress,2025년 (주)드림텍 기업가치 제고 계획 이행현황,1,0,"{""implementation_status"": 1}"
KOSPI,371,192650,드림텍,20241030,20241030800247,기업가치제고계획(자율공시)              ,plan,2024년 (주)드림텍 기업가치 제고 계획,0,0,{}
KOSPI,376,105630,한세실업,20260327,20260327800437,기업가치제고계획(자율공시)              ,plan,2026년 한세실업 기업가치 제고 계획,1,0,"{""future_plan"": 1}"
KOSPI,377,183190,아세아시멘트,20260327,20260327801591,기업가치제고계획(자율공시)              ,plan,2026년 아세아시멘트㈜ 기업가치 제고 계획,0,0,{}
KOSPI,380,009160,SIMPAC,20260327,20260327802328,기업가치제고계획(자율공시)              ,plan,2026년 주식회사 SIMPAC 기업가치 제고 계획,1,0,"{""future_plan"": 1}"
KOSPI,383,092230,KPX홀딩스,20260323,20260323801652,기업가치제고계획(자율공시)              ,plan,2026년 KPX홀딩스(주) 기업가치 제고 계획,0,0,{}
KOSPI,385,034830,한국토지신탁,20260327,20260327800160,기업가치제고계획(자율공시)              ,plan,2026 한국토지신탁 기업가치 제고 계획,0,0,{}
KOSPI,388,078520,에이블씨엔씨,20260401,20260401800181,기업가치제고계획(자율공시)              ,plan,2026년 에이블씨엔씨 기업가치 제고 계획,0,0,{}
KOSPI,390,001390,KG케미칼,20250121,20250121800132,기업가치제고계획(자율공시)              ,plan,KG케미칼 주주가치 제고 계획,1,0,"{""implementation_status"": 1}"
KOSPI,390,001390,KG케미칼,20241230,20241230800230,기업가치제고계획예고(안내공시)              ,pre_announcement,,0,0,{}
KOSPI,391,084010,대한제강,20260326,20260326800574,기업가치제고계획(자율공시)              ,plan,2026년 대한제강(주) 기업가치 제고 계획,3,0,"{""future_plan"": 1, ""meta_reference"": 1, ""implementation_status"": 1}"
KOSPI,393,026890,스틱인베스트먼트,20260119,20260119800910,기업가치제고계획(자율공시)              ,plan,2026년 스틱인베스트먼트(주) 기업가치 제고 계획,1,0,"{""future_plan"": 1}"
KOSPI,396,018250,애경산업,20241219,20241219800100,기업가치제고계획(자율공시)              ,plan,2024 애경산업 기업가치 제고 계획,0,0,{}
KOSPI,396,018250,애경산업,20240926,20240926800258,기업가치제고계획예고(안내공시)              ,pre_announcement,,0,0,{}
KOSPI,398,002900,TYM,20260327,20260327802722,기업가치제고계획(자율공시)              ,plan,2026년 ㈜티와이엠 기업가치 제고 계획,0,0,{}
KOSPI,400,126560,현대퓨처넷,20260506,20260506800367,기업가치제고계획(자율공시)              (2025년 이행현황),progress,2025년 (주)현대퓨처넷 기업가치 제고 계획 이행현황,2,0,"{""implementation_status"": 1, ""meta_reference"": 1}"
KOSPI,400,126560,현대퓨처넷,20260326,20260326802300,기업가치제고계획(자율공시)              ,plan,(주)현대퓨처넷 기업 가치 제고 계획,1,0,"{""future_plan"": 1}"
KOSPI,400,126560,현대퓨처넷,20250507,20250507800363,[첨부추가]기업가치제고계획(자율공시)              ,plan,(주)현대퓨처넷 기업가치 제고 계획,1,0,"{""future_plan"": 1}"
KOSPI,401,007690,국도화학,20260316,20260316800949,기업가치제고계획(자율공시)              ,plan,2026년 국도화학(주) 기업가치 제고 계획,0,0,{}
KOSPI,402,002310,아세아제지,20260326,20260326801798,기업가치제고계획(자율공시)              ,plan,2026년 아세아제지 기업가치 제고 계획,0,0,{}
KOSPI,403,024720,콜마홀딩스,20250626,20250626800522,기업가치제고계획(자율공시)              ,plan,2025년 콜마홀딩스(주) 기업가치 제고 계획,6,0,"{""implementation_status"": 5, ""future_plan"": 1}"
KOSPI,403,024720,콜마홀딩스,20240626,20240626800107,기업가치제고계획(자율공시)              ,plan,2024년 콜마홀딩스(주) 기업가치 제고 계획,2,0,"{""implementation_status"": 1, ""future_plan"": 1}"
KOSPI,403,024720,콜마홀딩스,20240620,20240620800124,기업가치제고계획예고(안내공시)              ,pre_announcement,,0,0,{}
KOSPI,405,286940,롯데이노베이트,20260323,20260323802472,기업가치제고계획(자율공시)              ,plan,2026 롯데이노베이트㈜ 기업가치 제고 계획,1,0,"{""implementation_status"": 1}"
KOSPI,405,286940,롯데이노베이트,20241029,20241029800584,기업가치제고계획(자율공시)              ,plan,2024 롯데이노베이트(주) 기업가치 제고 계획,0,0,{}
KOSPI,406,017860,DS단석,20260331,20260331802277,기업가치제고계획(자율공시)              ,plan,2026년 디에스단석 기업가치 제고 계획,0,0,{}
KOSPI,408,001750,한양증권,20260326,20260326803577,기업가치제고계획(자율공시)              ,plan,2026 한양증권 기업가치 제고 계획,1,0,"{""future_plan"": 1}"
KOSPI,411,033270,유나이티드,20260317,20260317801121,기업가치제고계획(자율공시)              ,plan,2026년 한국유나이티드제약 기업가치 제고 계획,0,0,{}
KOSPI,414,017390,서울도시가스,20260326,20260326802480,기업가치제고계획(자율공시)              ,plan,2026년 서울도시가스 기업가치 제고 계획,1,0,"{""implementation_outlook"": 1}"
KOSPI,415,005500,삼진제약,20260320,20260320800958,기업가치제고계획(자율공시)              (2026년),plan,2026년 삼진제약(주) 기업가치 제고 계획,0,0,{}
KOSPI,417,003920,남양유업,20260330,20260330801407,기업가치제고계획(자율공시)              ,plan,2026년 남양유업 주식회사 기업가치 제고 계획,1,0,"{""meta_reference"": 1}"
KOSPI,418,128820,대성산업,20260420,20260420800652,기업가치제고계획(자율공시)              ,plan,2026년 대성산업 기업가치 제고 계획,0,0,{}
KOSPI,419,096760,JW홀딩스,20260327,20260327801126,기업가치제고계획(자율공시)              ,plan,2026년 JW홀딩스(주) 기업가치 제고 계획,0,0,{}
KOSPI,420,004430,송원산업,20260320,20260320800625,기업가치제고계획(자율공시)              ,plan,2026년 송원산업 주식회사 기업가치 제고 계획,0,0,{}
KOSPI,422,005680,삼영전자공업,20260327,20260327802311,기업가치제고계획(자율공시)              ,plan,2026년 삼영전자공업주식회사 기업가치 제고 계획,0,0,{}
KOSPI,424,009470,삼화전기,20260327,20260327801878,기업가치제고계획(자율공시)              ,plan,2026년 삼화전기주식회사 기업가치 제고 계획,0,0,{}
KOSPI,429,475560,더본코리아,20260401,20260401800656,기업가치제고계획(자율공시)              ,plan,2026년 주식회사 더본코리아 기업가치 제고 계획,0,0,{}
KOSPI,433,000490,대동,20260507,20260507800287,기업가치제고계획(자율공시)              ,plan,2026년 (주)대동 기업가치 제고 계획,0,0,{}
KOSPI,435,037710,광주신세계,20260326,20260326802574,기업가치제고계획(자율공시)              (2026년 이행현황),progress,2026 (주)광주신세계 기업가치 제고계획 이행현황 (고배당기업 공시),1,0,"{""meta_reference"": 1}"
KOSPI,435,037710,광주신세계,20251210,20251210800677,기업가치제고계획(자율공시)              (2025년 이행현황),progress,2025 광주신세계 기업가치 제고 계획 이행현황,1,0,"{""future_plan"": 1}"
KOSPI,435,037710,광주신세계,20241227,20241227800843,기업가치제고계획(자율공시)              ,plan,2024 광주신세계 기업가치 제고 계획,1,0,"{""future_plan"": 1}"
KOSPI,435,037710,광주신세계,20240912,20240912800432,기업가치제고계획예고(안내공시)              ,pre_announcement,,0,0,{}
KOSPI,440,226320,잇츠한불,20260327,20260327800276,기업가치제고계획(자율공시)              ,plan,2026년 주식회사 잇츠한불 기업가치 제고 계획,1,0,"{""future_plan"": 1}"
KOSPI,441,003120,일성아이에스,20260327,20260327802296,기업가치제고계획(자율공시)              ,plan,2026년 일성아이에스 기업가치 제고 계획,0,0,{}
KOSPI,442,244920,에이플러스에셋,20260401,20260401800438,기업가치제고계획(자율공시)              ,plan,2026년 (주)에이플러스에셋어드바이저 기업가치 제고 계획,1,0,"{""future_plan"": 1}"
KOSPI,443,034120,SBS,20260327,20260327801861,기업가치제고계획(자율공시)              ,plan,2026년 SBS 기업가치 제고 계획,0,0,{}
KOSPI,445,003200,일신방직,20260326,20260326802894,기업가치제고계획(자율공시)              ,plan,2026년 일신방직(주) 기업가지 제고 계획,1,0,"{""future_plan"": 1}"
KOSPI,450,004560,현대비앤지스틸,20260325,20260325801108,기업가치제고계획(자율공시)              ,plan,2026년 현대비앤지스틸 기업가치 제고 계획,0,0,{}
KOSPI,452,044450,KSS해운,20260327,20260327800162,기업가치제고계획(자율공시)              ,plan,2026년 KSS해운 기업가치 제고 계획,0,0,{}
KOSPI,455,134380,미원화학,20260317,20260317800317,기업가치제고계획(자율공시)              ,plan,2026 미원화학주식회사 기업가치 제고 계획,1,0,"{""meta_reference"": 1}"
KOSPI,456,122900,아이마켓코리아,20260331,20260331803206,[기재정정]기업가치제고계획(자율공시)              ,plan,2026년 (주)아이마켓코리아 기업가치 제고 계획,0,0,{}
KOSPI,456,122900,아이마켓코리아,20260327,20260327801767,기업가치제고계획(자율공시)              ,plan,2026년 (주)아이마켓코리아 기업가치 제고 계획,0,0,{}
KOSPI,457,030210,다올투자증권,20260320,20260320801894,기업가치제고계획(자율공시)              ,plan,2026 다올투자증권 기업가치 제고 계획,2,0,"{""future_plan"": 2}"
KOSPI,459,007160,사조산업,20260421,20260421800490,기업가치제고계획(자율공시)              ,plan,2026년사조산업(주) 기업가치 제고 계획,0,0,{}
KOSPI,462,241590,화승엔터프라이즈,20260305,20260305801766,기업가치제고계획(자율공시)              ,plan,2026년 화승엔터프라이즈 기업가치 제고 계획,0,0,{}
KOSPI,465,001790,대한제당,20260512,20260512800479,기업가치제고계획(자율공시)              ,plan,2026년 대한제당(주) 기업가치 제고 계획,1,0,"{""future_plan"": 1}"
KOSPI,471,035150,백산,20260327,20260327801235,기업가치제고계획(자율공시)              ,plan,2026년 백산 기업가치 제고 계획,0,0,{}
KOSPI,473,033920,무학,20260327,20260327802506,[기재정정]기업가치제고계획(자율공시)              ,plan,주식회사 무학 기업가치 제고 계획,1,0,"{""future_plan"": 1}"
KOSPI,473,033920,무학,20260327,20260327800703,기업가치제고계획(자율공시)              ,plan,주식회사 무학 기업가치 제고 계획,1,0,"{""future_plan"": 1}"
KOSPI,473,033920,무학,20251229,20251229800518,기업가치제고계획(자율공시)              ,plan,2025 (주)무학 기업가치 제고 계획,1,0,"{""future_plan"": 1}"
KOSPI,475,035510,신세계I&C,20260324,20260324801129,기업가치제고계획(자율공시)              ,plan,2026년 주식회사 신세계아이앤씨 기업가치 제고 계획,1,0,"{""future_plan"": 1}"
KOSPI,476,009680,모토닉,20260424,20260424800495,기업가치제고계획(자율공시)              ,plan,2026년 주식회사 모토닉 기업가치 제고 계획,0,0,{}
KOSPI,488,095570,AJ네트웍스,20260326,20260326801857,기업가치제고계획(자율공시)              ,plan,2026 AJ네트웍스 기업가치 제고 계획,1,0,"{""meta_reference"": 1}"
KOSPI,490,028100,동아지질,20260326,20260326802676,기업가치제고계획(자율공시)              ,plan,(주)동아지질 기업가치 제고 계획,1,0,"{""future_plan"": 1}"
KOSPI,491,001130,대한제분,20260513,20260513800448,기업가치제고계획예고(안내공시)              ,pre_announcement,,0,0,{}
KOSPI,494,053210,케이티스카이라이프,20260327,20260327800179,기업가치제고계획(자율공시)              ,plan,2026년 주식회사 케이티스카이라이프 기업가치 제고 계획,0,0,{}
KOSPI,496,000390,SP삼화,20260326,20260326801425,기업가치제고계획(자율공시)              ,plan,2026년 삼화페인트공업(주) 기업가치 제고 계획,1,0,"{""future_plan"": 1}"
KOSPI,497,339770,교촌에프앤비,20260331,20260331802508,기업가치제고계획(자율공시)              (2026년),plan,2026년 교촌에프앤비(주) 기업가치 제고 계획,2,0,"{""meta_reference"": 2}"
KOSPI,498,016580,환인제약,20260323,20260323800234,기업가치제고계획(자율공시)              ,plan,2026년 환인제약(주) 기업가치 제고 계획,0,0,{}
KOSPI,499,039570,HDC랩스,20260326,20260326802962,기업가치제고계획(자율공시)              ,plan,2026년 에이치디씨랩스(주) 기업가치 제고 계획,1,0,"{""future_plan"": 1}"
KOSDAQ,2,086520,에코프로,20260401,20260401901169,[기재정정]기업가치제고계획(자율공시)              ,plan,2026년 에코프로 기업가치 제고 계획,0,0,{}
KOSDAQ,2,086520,에코프로,20260327,20260327900991,기업가치제고계획(자율공시)              ,plan,2026년 에코프로 기업가치 제고 계획,0,0,{}
KOSDAQ,8,058470,리노공업,20260326,20260326900771,기업가치제고계획(자율공시)              ,plan,2026년 리노공업(주) 기업가치 제고 계획,0,0,{}
KOSDAQ,9,039030,이오테크닉스,20260401,20260401901119,기업가치제고계획(자율공시)              (기업가치 제고 계획),plan,2026년 주식회사 이오테크닉스 기업가치 제고 계획,1,0,"{""meta_reference"": 1}"
KOSDAQ,17,222800,심텍,20260326,20260326901367,기업가치제고계획(자율공시)              ,plan,2026년 (주)심텍 기업가치 제고 계획,0,0,{}
KOSDAQ,19,214370,케어젠,20260324,20260324901565,기업가치제고계획(자율공시)              ,plan,2026년 주식회사 케어젠 기업가치 제고 계획,0,0,{}
KOSDAQ,20,403870,HPSP,20260430,20260430901259,기업가치제고계획(자율공시)              ,plan,2026 (주)에이치피에스피 기업가치 제고 계획,1,0,"{""meta_reference"": 1}"
KOSDAQ,22,095340,ISC,20241129,20241129900277,기업가치제고계획(자율공시)              ,plan,2024년 (주)아이에스시 기업가치 제고 계획,1,0,"{""implementation_status"": 1}"
KOSDAQ,23,319400,현대무벡스,20260424,20260424900653,기업가치제고계획(자율공시)              ,plan,2026 현대무벡스 주식회사 기업가치 제고 계획,1,0,"{""future_plan"": 1}"
KOSDAQ,26,067310,하나마이크론,20260514,20260514901418,기업가치제고계획(자율공시)              (2025년 이행현황),progress,2025년 하나마이크론(주) 기업가치 제고 계획 이행현황,1,0,"{""implementation_status"": 1}"
KOSDAQ,26,067310,하나마이크론,20250514,20250514901224,기업가치제고계획(자율공시)              ,plan,하나마이크론(주) 기업가치 제고 계획,2,0,"{""implementation_status"": 2}"
KOSDAQ,27,064760,티씨케이,20260504,20260504900405,기업가치제고계획(자율공시)              (2025년 이행현황),progress,2025년 ㈜티씨케이 기업가치제고계획 이행현황,4,0,"{""implementation_status"": 3, ""meta_reference"": 1}"
KOSDAQ,27,064760,티씨케이,20250425,20250425900530,기업가치제고계획(자율공시)              ,plan,2025년 ㈜티씨케이 기업가치제고계획,1,0,"{""meta_reference"": 1}"
KOSDAQ,28,319660,피에스케이,20260430,20260430900483,기업가치제고계획(자율공시)              (2025년 이행현황),progress,2025년 피에스케이 주식회사 기업가치제고계획 이행현황,0,0,{}
KOSDAQ,28,319660,피에스케이,20260330,20260330901878,기업가치제고계획(자율공시)              ,plan,2026년 피에스케이주식회사 기업가치제고계획,1,0,"{""implementation_outlook"": 1}"
KOSDAQ,28,319660,피에스케이,20250430,20250430900282,기업가치제고계획(자율공시)              ,plan,2025년 피에스케이 주식회사 기업가치제고계획,1,0,"{""implementation_outlook"": 1}"
KOSDAQ,29,214150,클래시스,20260331,20260331904117,기업가치제고계획(자율공시)              ,plan,2026년 주식회사 클래시스 기업가치 제고 계획,1,0,"{""future_plan"": 1}"
KOSDAQ,30,357780,솔브레인,20250430,20250430900644,기업가치제고계획(자율공시)              ,plan,솔브레인 기업가치 제고 계획 ('25년 ~ '27년),0,0,{}
KOSDAQ,31,131970,두산테스나,20260401,20260401900677,기업가치제고계획(자율공시)              ,plan,2026년 두산테스나 기업가치 제고 계획,1,0,"{""future_plan"": 1}"
KOSDAQ,35,005290,동진쎄미켐,20260327,20260327902836,기업가치제고계획(자율공시)              ,plan,2026년 (주)동진쎄미켐 기업가치 제고 계획,1,0,"{""meta_reference"": 1}"
KOSDAQ,36,214450,파마리서치,20260330,20260330900248,기업가치제고계획(자율공시)              ,plan,2026년 (주)파마리서치 기업가치 제고 계획,0,0,{}
KOSDAQ,40,031980,피에스케이홀딩스,20260430,20260430900522,기업가치제고계획(자율공시)              ((2025년 이행현황)),progress,2025년 피에스케이홀딩스(주) 기업가치 제고 계획 이행 평가,1,0,"{""implementation_status"": 1}"
KOSDAQ,40,031980,피에스케이홀딩스,20260330,20260330900872,기업가치제고계획(자율공시)              ,plan,2026년 피에스케이홀딩스 주식회사 기업가치제고계획,1,0,"{""implementation_outlook"": 1}"
KOSDAQ,40,031980,피에스케이홀딩스,20250430,20250430900352,기업가치제고계획(자율공시)              ,plan,2025년 피에스케이홀딩스 주식회사 기업가치제고계획,1,0,"{""implementation_outlook"": 1}"
KOSDAQ,42,237690,에스티팜,20250930,20250930900984,기업가치제고계획(자율공시)              ,plan,2025년 에스티팜(주) 기업가치 제고 계획(Value-Up),0,0,{}
KOSDAQ,44,058610,에스피지,20260326,20260326900680,기업가치제고계획(자율공시)              ,plan,2026년 (주)에스피지 기업가치 제고 계획,0,0,{}
KOSDAQ,45,218410,RFHIC,20260330,20260330901528,기업가치제고계획(자율공시)              ,plan,2026년 알에프에이치아이씨 주식회사 기업가치 제고 계획,0,0,{}
KOSDAQ,46,098460,고영,20260420,20260420900411,기업가치제고계획(자율공시)              ,plan,2026년 고영테크놀러지 기업가치 제고 계획,0,0,{}
KOSDAQ,49,095610,테스,20260323,20260323901029,기업가치제고계획(자율공시)              ,plan,2026년 (주)테스 기업가치 제고 계획,0,0,{}
KOSDAQ,51,082920,비츠로셀,20250616,20250616900197,[첨부추가]기업가치제고계획(자율공시)              ,plan,㈜비츠로셀 기업가치 제고 계획,0,0,{}
KOSDAQ,51,082920,비츠로셀,20241113,20241113900211,기업가치제고계획예고              ,pre_announcement,,0,0,{}
KOSDAQ,55,035900,JYP Ent.,20260220,20260220900878,기업가치제고계획(자율공시)              ,plan,2026 (주)제이와이피엔터테인먼트 기업가치 제고 계획,1,0,"{""future_plan"": 1}"
KOSDAQ,59,140860,파크시스템스,20260515,20260515901617,기업가치제고계획(자율공시)              ,plan,2026 파크시스템스 기업가치제고 계획,0,0,{}
KOSDAQ,59,140860,파크시스템스,20260430,20260430901367,기업가치제고계획예고              ,pre_announcement,,0,0,{}
KOSDAQ,62,089030,테크윙,20260325,20260325900434,기업가치제고계획(자율공시)              ,plan,2026년 테크윙 기업가치 제고 계획,0,0,{}
KOSDAQ,63,060370,LS마린솔루션,20260324,20260324900666,기업가치제고계획(자율공시)              ,plan,2026년 LS마린솔루션 주식회사 기업가치 제고 계획,0,0,{}
KOSDAQ,64,027360,아주IB투자,20260330,20260330901715,기업가치제고계획(자율공시)              ,plan,2026년 아주아이비투자㈜ 기업가치 제고 계획,0,0,{}
KOSDAQ,65,183300,코미코,20260331,20260331901424,기업가치제고계획(자율공시)              ,plan,2026년 (주)코미코 기업가치 제고 계획,3,0,"{""implementation_status"": 3}"
KOSDAQ,65,183300,코미코,20250430,20250430900323,기업가치제고계획(자율공시)              ,plan,2025년 (주)코미코 기업가치 제고 계획,3,0,"{""implementation_status"": 3}"
KOSDAQ,65,183300,코미코,20250228,20250228901792,기업가치제고계획예고              ,pre_announcement,,0,0,{}
KOSDAQ,66,290650,엘앤씨바이오,20260401,20260401900597,기업가치제고계획(자율공시)              ,plan,L C Bio 기업가치 제고(Value-up) 계획,1,0,"{""meta_reference"": 1}"
KOSDAQ,66,290650,엘앤씨바이오,20250328,20250328902056,기업가치제고계획(자율공시)              ,plan,L C Bio 기업가치 제고(Value-up) 계획,3,0,"{""future_plan"": 2, ""meta_reference"": 1}"
KOSDAQ,66,290650,엘앤씨바이오,20250116,20250116900108,기업가치제고계획예고              ,pre_announcement,,0,0,{}
KOSDAQ,72,096530,씨젠,20260327,20260327902817,기업가치제고계획(자율공시)              ,plan,2026년 ㈜씨젠 기업가치 제고 계획,1,0,"{""implementation_outlook"": 1}"
KOSDAQ,73,189300,인텔리안테크,20260420,20260420900739,기업가치제고계획(자율공시)              ,plan,2026년 주식회사 인텔리안테크놀로지스 기업가치 제고 계획,0,0,{}
KOSDAQ,74,039200,오스코텍,20250203,20250203901207,기업가치제고계획(자율공시)              ,plan,오스코텍 기업가치 제고 계획,1,0,"{""implementation_status"": 1}"
KOSDAQ,76,417200,LS머트리얼즈,20260324,20260324901045,기업가치제고계획(자율공시)              ,plan,2026년 엘에스머트리얼즈(주) 기업가치 제고 계획,1,0,"{""future_plan"": 1}"
KOSDAQ,79,031330,에스에이엠티,20260325,20260325900768,기업가치제고계획(자율공시)              ,plan,2026년 (주)에스에이엠티 기업가치 제고 계획,0,0,{}
KOSDAQ,82,420770,기가비스,20260327,20260327902339,기업가치제고계획(자율공시)              ,plan,2026년 기가비스 주식회사 기업가치 제고 계획,1,0,"{""future_plan"": 1}"
KOSDAQ,86,038500,삼표시멘트,20260331,20260331902846,기업가치제고계획(자율공시)              ,plan,2026년 ㈜삼표시멘트 기업가치 제고 계획,1,0,"{""future_plan"": 1}"
KOSDAQ,94,195940,HK이노엔,20241220,20241220900285,기업가치제고계획(자율공시)              ,plan,2024 HK이노엔 기업가치 제고 계획,2,0,"{""implementation_status"": 2}"
KOSDAQ,94,195940,HK이노엔,20240626,20240626900309,기업가치제고계획예고              ,pre_announcement,,0,0,{}
KOSDAQ,103,056190,에스에프에이,20260401,20260401900630,기업가치제고계획(자율공시)              ,plan,2026년 (주)에스에프에이의 기업가치 제고 계획,1,0,"{""implementation_status"": 1}"
KOSDAQ,103,056190,에스에프에이,20250328,20250328900312,기업가치제고계획(자율공시)              ,plan,2025년 ㈜에스에프에이 기업가치 제고 계획,0,0,{}
KOSDAQ,113,083450,GST,20260327,20260327901251,기업가치제고계획(자율공시)              ,plan,2026년 (주)글로벌스탠다드테크놀로지 기업가치 제고 계획,1,0,"{""future_plan"": 1}"
KOSDAQ,114,033100,제룡전기,20260317,20260317900500,기업가치제고계획(자율공시)              ,plan,2026년 제룡전기 기업가치 제고 계획,0,0,{}
KOSDAQ,121,023160,태광,20260313,20260313900301,기업가치제고계획(자율공시)              ((주)태광 2026년 기업가치 제고 계획),plan,(주)태광 2026년 기업가치 제고 계획,3,0,"{""implementation_status"": 3}"
KOSDAQ,121,023160,태광,20251210,20251210900138,기업가치제고계획(자율공시)              (2025년 (주)태광 기업가치 제고 계획 이행현황),progress,2025년 (주)태광 기업가치 제고 계획 이행현황,1,0,"{""implementation_status"": 1}"
KOSDAQ,121,023160,태광,20241202,20241202900061,기업가치제고계획(자율공시)              ,plan,(주)태광 기업가치 제고계획,2,0,"{""implementation_status"": 2}"
KOSDAQ,121,023160,태광,20241127,20241127900046,기업가치제고계획예고              ,pre_announcement,,0,0,{}
KOSDAQ,123,014620,성광벤드,20260112,20260112900117,기업가치제고계획(자율공시)              ,plan,2026년 (주)성광벤드 기업가치 제고 계획,1,0,"{""meta_reference"": 1}"
KOSDAQ,128,094170,동운아나텍,20260326,20260326900552,기업가치제고계획(자율공시)              ,plan,2026년 동운아나텍 기업가치 제고 계획,1,0,"{""implementation_status"": 1}"
KOSDAQ,134,121600,나노신소재,20260330,20260330901538,기업가치제고계획(자율공시)              ,plan,㈜나노신소재 기업가치 제고 계획,0,0,{}
KOSDAQ,134,121600,나노신소재,20250425,20250425900782,기업가치제고계획(자율공시)              ,plan,2025년 (주)나노신소재 기업가치 제고 계획,0,0,{}
KOSDAQ,144,032190,다우데이타,20260415,20260415900489,기업가치제고계획(자율공시)              (2025년 이행현황),progress,2025 다우데이타 기업가치 제고계획 이행현황,1,0,"{""future_plan"": 1}"
KOSDAQ,144,032190,다우데이타,20241230,20241230900690,기업가치제고계획(자율공시)              ,plan,2024 다우데이타 기업가치 제고 계획,1,0,"{""meta_reference"": 1}"
KOSDAQ,146,033160,엠케이전자,20260401,20260401901144,기업가치제고계획(자율공시)              ,plan,2026년 엠케이전자 주식회사 기업가치 제고 계획,0,0,{}
